customer_id,customer_name,city,segment,signup_channel,signup_date,email,phone,has_email,has_phone
C0001,Allison Hill,Hyderabad,New,Organic,2024-05-11,allison.hill@example.com,001-218-519-6001x3389,True,True
C0002,Meredith Barnes,Hyderabad,Returning,Paid Ads,2025-01-07,meredith.barnes@example.com,302-765-4235x116,True,True
C0003,Lindsey Roman,Delhi,New,Organic,2025-11-02,lindsey.roman@example.com,+1-516-318-4959,True,True
C0004,Darren Roberts,Hyderabad,VIP,Email,2023-12-10,darren.roberts@example.com,,True,False
C0005,BRIAN RAMIREZ,Chandigarh,VIP,Social Media,2025-07-25,brian.ramirez@example.com,(925)853-4192x832,True,True
C0006,Timothy Watts,Chandigarh,New,Organic,2024-05-07,,903-405-6413x95376,False,True
C0007,David Hoffman,Delhi,New,Email,2024-06-22,david.hoffman@example.com,001-369-265-3287,True,True
C0008,Brittany Moore,Pune,New,Email,2025-09-10,brittany.moore@example.com,,True,False
C0009,Janice Carlson,Delhi,VIP,Email,2025-01-27,janice.carlson@example.com,280-618-4514x627,True,True
C0010,PAMELA ROMERO,Bangalore,New,Social Media,2024-01-08,pamela.romero@example.com,+1-948-293-2528x8095,True,True
C0011,Jack Galloway,Pune,Returning,Organic,2026-01-23,jack.galloway@example.com,403.491.1718,True,True
C0012,Theresa Martin,Delhi,VIP,Social Media,2025-03-31,,,False,False
C0013,Tracey Hickman,Mumbai,Returning,Paid Ads,2025-11-29,tracey.hickman@example.com,001-734-265-7871x331,True,True
C0014,Crystal Robinson,Delhi,Returning,Organic,2023-12-01,crystal.robinson@example.com,+1-403-910-5183x4738,True,True
C0015,JOHN RUSSELL,Chandigarh,Returning,Organic,2023-12-26,john.russell@example.com,+1-565-966-7010x65133,True,True
C0016,Clifford Ford,Mumbai,Returning,Email,2026-04-05,clifford.ford@example.com,,True,False
C0017,Robert Chase,Mumbai,New,Social Media,2023-12-30,robert.chase@example.com,+1-880-213-2677x3602,True,True
C0018,Mrs. Rachel Gibson,Pune,New,Social Media,2024-12-10,,001-287-923-4309x8050,False,True
C0019,Sarah Moore,Chandigarh,VIP,Referral,2026-07-06,sarah.moore@example.com,521-291-3619,True,True
C0020,JENNIFER SILVA,Hyderabad,VIP,Referral,2025-03-26,jennifer.silva@example.com,,True,False
C0021,Christina Moran,Pune,New,Organic,2024-05-28,christina.moran@example.com,(524)675-1079x9118,True,True
C0022,Gregory Jones,Chandigarh,VIP,Paid Ads,2024-06-03,gregory.jones@example.com,327-384-9808x4124,True,True
C0023,Brittney Campbell,Mumbai,New,Paid Ads,2024-04-28,brittney.campbell@example.com,634-487-4016x40052,True,True
C0024,Kristen Patterson,Chandigarh,Returning,Referral,2023-09-27,,,False,False
C0025,STEPHEN MCKEE,Bangalore,VIP,Referral,2025-04-20,stephen.mckee@example.com,(598)326-2045x053,True,True
C0026,Justin Baxter,Delhi,Returning,Referral,2026-07-20,justin.baxter@example.com,001-323-822-6025x6342,True,True
C0027,Shannon Walker,Delhi,VIP,Referral,2026-02-02,shannon.walker@example.com,754.833.0365x414,True,True
C0028,Sarah Rivera,Hyderabad,VIP,Organic,2023-10-16,sarah.rivera@example.com,,True,False
C0029,Debbie Carpenter,Pune,VIP,Paid Ads,2026-07-30,debbie.carpenter@example.com,3198655698,True,True
C0030,CHERYL WILLIAMS,Pune,VIP,Paid Ads,2024-12-24,,783.856.1595x14846,False,True
C0031,Kristen Lee,Delhi,Returning,Social Media,2025-08-25,kristen.lee@example.com,(729)994-6804x4369,True,True
C0032,Michael Dixon,Mumbai,VIP,Email,2026-01-09,michael.dixon@example.com,,True,False
C0033,Nancy Hopkins,Delhi,VIP,Referral,2024-07-15,nancy.hopkins@example.com,+1-395-913-4332x00379,True,True
C0034,Mark Lee,Chandigarh,New,Organic,2025-09-27,mark.lee@example.com,563.320.1632x8708,True,True
C0035,ROBERT CONTRERAS,Mumbai,Returning,Referral,2026-08-04,robert.contreras@example.com,+1-557-698-6872x774,True,True
C0036,Kelly Sims,Chandigarh,New,Email,2024-07-05,,,False,False
C0037,Dustin Nelson,Hyderabad,Returning,Paid Ads,2024-08-22,dustin.nelson@example.com,+1-812-823-6231,True,True
C0038,John Brown,Hyderabad,Returning,Social Media,2026-02-20,john.brown@example.com,(590)996-7054x6688,True,True
C0039,Jeffrey Johnson,Hyderabad,Returning,Paid Ads,2024-09-08,jeffrey.johnson@example.com,+1-462-972-9806x99016,True,True
C0040,DAVID MURPHY,Mumbai,New,Paid Ads,2025-01-13,david.murphy@example.com,,True,False
C0041,Shawn Ramirez,Hyderabad,VIP,Email,2026-06-26,shawn.ramirez@example.com,(241)470-8053x10033,True,True
C0042,John Wilson,Mumbai,VIP,Email,2026-06-22,,645.829.9124x190,False,True
C0043,Miguel Jones,Bangalore,VIP,Social Media,2025-09-21,miguel.jones@example.com,+1-731-249-1905x8651,True,True
C0044,Samantha Garcia,Mumbai,New,Paid Ads,2026-07-06,samantha.garcia@example.com,,True,False
C0045,SANDRA ZIMMERMAN,Pune,Returning,Organic,2024-12-23,sandra.zimmerman@example.com,001-684-998-7769x4531,True,True
C0046,John Bishop,Chandigarh,New,Paid Ads,2024-10-24,john.bishop@example.com,6756273545,True,True
C0047,Kellie Lee,Hyderabad,New,Social Media,2024-05-31,kellie.lee@example.com,(778)937-7701x43634,True,True
C0048,Hailey Barajas,Pune,New,Social Media,2025-04-25,,,False,False
C0049,Jesse Parker,Bangalore,VIP,Social Media,2024-05-19,jesse.parker@example.com,001-635-318-2337x4989,True,True
C0050,ELIZABETH WARD,Pune,Returning,Email,2024-08-03,elizabeth.ward@example.com,001-682-940-0842x710,True,True
C0051,Glen Sheppard,Chandigarh,VIP,Organic,2024-06-11,glen.sheppard@example.com,511.367.1902x2941,True,True
C0052,Jennifer Carlson,Hyderabad,VIP,Referral,2025-07-06,jennifer.carlson@example.com,,True,False
C0053,Jamie Kerr,Hyderabad,Returning,Organic,2024-07-29,jamie.kerr@example.com,001-564-699-0913,True,True
C0054,Brooke Thompson,Mumbai,Returning,Paid Ads,2023-12-05,,6679974034,False,True
C0055,DAVID BAKER,Bangalore,New,Referral,2026-01-06,david.baker@example.com,001-336-218-3242,True,True
C0056,Eric Curry,Pune,New,Email,2025-05-15,eric.curry@example.com,,True,False
C0057,Caleb Barker,Chandigarh,VIP,Referral,2025-10-01,caleb.barker@example.com,288-377-1906x594,True,True
C0058,Michael Valencia,Hyderabad,VIP,Email,2025-06-03,michael.valencia@example.com,4498027874,True,True
C0059,Katherine Davis,Delhi,New,Referral,2024-09-21,katherine.davis@example.com,651-725-6746x80715,True,True
C0060,RAYMOND HANCOCK,Delhi,VIP,Email,2026-02-11,,,False,False
C0061,Sean Murray,Chandigarh,VIP,Referral,2023-11-13,sean.murray@example.com,259.577.0348x24771,True,True
C0062,Emily Smith,Bangalore,New,Organic,2024-11-24,emily.smith@example.com,817.912.7484,True,True
C0063,Mrs. Kristen Reyes,Mumbai,Returning,Paid Ads,2026-05-25,mrs..kristen.reyes@example.com,421.946.5840x44997,True,True
C0064,Haley Arnold,Chandigarh,New,Email,2025-04-17,haley.arnold@example.com,,True,False
C0065,FRANK LOPEZ,Chandigarh,New,Social Media,2025-09-28,frank.lopez@example.com,001-463-960-5766,True,True
C0066,Beth Sanford,Chandigarh,VIP,Paid Ads,2024-09-04,,371-987-0262,False,True
C0067,Deborah Hanson,Delhi,VIP,Social Media,2024-11-13,deborah.hanson@example.com,358-565-7809,True,True
C0068,Tammie Bright,Pune,New,Referral,2025-11-20,tammie.bright@example.com,,True,False
C0069,Brett Schultz,Pune,VIP,Social Media,2026-04-03,brett.schultz@example.com,524.800.5045x562,True,True
C0070,REBECCA JACKSON,Delhi,VIP,Paid Ads,2023-12-10,rebecca.jackson@example.com,(693)479-2374x7407,True,True
C0071,Tony Huerta,Hyderabad,Returning,Social Media,2024-07-31,tony.huerta@example.com,(647)243-6713x69594,True,True
C0072,Mary Hill,Hyderabad,VIP,Referral,2025-05-11,,,False,False
C0073,Natasha Williams,Bangalore,VIP,Social Media,2025-06-23,natasha.williams@example.com,943.295.3394x2104,True,True
C0074,Morgan Davis,Chandigarh,New,Paid Ads,2024-07-27,morgan.davis@example.com,001-662-732-8588x4247,True,True
C0075,JULIE JONES,Chandigarh,Returning,Organic,2025-11-28,julie.jones@example.com,368.951.6048,True,True
C0076,Paul Baker,Pune,VIP,Paid Ads,2024-10-26,paul.baker@example.com,,True,False
C0077,Jacqueline Leonard,Pune,New,Organic,2025-01-31,jacqueline.leonard@example.com,+1-285-693-1746x120,True,True
C0078,Audrey Young DDS,Chandigarh,VIP,Organic,2024-11-03,,(786)592-6179x640,False,True
C0079,Trevor Foley,Delhi,New,Organic,2023-12-31,trevor.foley@example.com,+1-258-750-6431x71390,True,True
C0080,CAMERON CUNNINGHAM,Mumbai,New,Email,2023-11-29,cameron.cunningham@example.com,,True,False
C0081,Christine Robinson,Delhi,Returning,Social Media,2026-03-31,christine.robinson@example.com,729-504-2284x21020,True,True
C0082,Alexis Baker,Delhi,VIP,Paid Ads,2024-01-29,alexis.baker@example.com,(281)617-7589x17839,True,True
C0083,Victor Brown,Hyderabad,VIP,Email,2025-02-08,victor.brown@example.com,(761)877-1159x2124,True,True
C0084,Kerry Chavez DDS,Bangalore,New,Social Media,2023-12-31,,,False,False
C0085,SARAH CURTIS,Bangalore,New,Organic,2025-12-13,sarah.curtis@example.com,001-736-673-6576x6156,True,True
C0086,Christian Leblanc,Chandigarh,VIP,Social Media,2023-11-27,christian.leblanc@example.com,716-315-2809,True,True
C0087,Shane Pugh,Mumbai,Returning,Social Media,2024-12-10,shane.pugh@example.com,001-304-794-5198x3273,True,True
C0088,Holly Farmer,Bangalore,VIP,Organic,2025-05-20,holly.farmer@example.com,,True,False
C0089,Sarah Villegas,Hyderabad,VIP,Organic,2026-02-04,sarah.villegas@example.com,+1-480-494-0244x550,True,True
C0090,JENNIFER THOMAS,Chandigarh,Returning,Referral,2025-07-22,,7186366752,False,True
C0091,Paula Bradley,Chandigarh,New,Paid Ads,2023-12-16,paula.bradley@example.com,9229901476,True,True
C0092,Daniel Hunt,Delhi,VIP,Social Media,2024-09-18,daniel.hunt@example.com,,True,False
C0093,Michael Watkins,Delhi,Returning,Paid Ads,2025-03-31,michael.watkins@example.com,703-369-0034x3244,True,True
C0094,Paul Thompson,Mumbai,Returning,Paid Ads,2024-10-25,paul.thompson@example.com,001-738-885-1606x071,True,True
C0095,MICHELLE BUTLER,Chandigarh,Returning,Email,2024-01-17,michelle.butler@example.com,5528975161,True,True
C0096,Kelly Foster,Chandigarh,New,Email,2024-08-12,,,False,False
C0097,Gary Jackson,Chandigarh,New,Paid Ads,2025-03-13,gary.jackson@example.com,488-635-5231,True,True
C0098,Lance Wolf,Delhi,Returning,Social Media,2025-08-15,lance.wolf@example.com,(777)499-7995,True,True
C0099,John Welch,Bangalore,New,Social Media,2026-01-12,john.welch@example.com,001-205-781-4770,True,True
C0100,ANGELA LIN,Chandigarh,New,Social Media,2026-03-15,angela.lin@example.com,,True,False
C0101,Katie Ford,Chandigarh,Returning,Referral,2025-04-29,katie.ford@example.com,001-707-393-5978x2071,True,True
C0102,Carrie Wright,Bangalore,Returning,Social Media,2024-12-26,,288.792.5546x659,False,True
C0103,Brandon Gregory,Hyderabad,VIP,Email,2024-07-15,brandon.gregory@example.com,001-692-851-9254x6291,True,True
C0104,Erin Anderson,Hyderabad,VIP,Social Media,2025-10-04,erin.anderson@example.com,,True,False
C0105,YOLANDA GAINES,Delhi,New,Referral,2023-12-25,yolanda.gaines@example.com,+1-468-350-5423x57332,True,True
C0106,Richard Romero,Delhi,New,Email,2025-04-13,richard.romero@example.com,001-980-259-2962x2292,True,True
C0107,Michael Young,Hyderabad,VIP,Organic,2025-01-02,michael.young@example.com,873-883-4735x9774,True,True
C0108,Ruth Solis,Hyderabad,Returning,Organic,2024-02-11,,,False,False
C0109,Martin Sawyer,Chandigarh,VIP,Social Media,2025-04-29,martin.sawyer@example.com,481-841-2478,True,True
C0110,THOMAS VELASQUEZ,Pune,VIP,Paid Ads,2026-04-16,thomas.velasquez@example.com,7605685361,True,True
C0111,Timothy Combs,Chandigarh,VIP,Organic,2025-08-09,timothy.combs@example.com,(220)347-2779,True,True
C0112,Daniel Hernandez,Delhi,New,Email,2026-06-14,daniel.hernandez@example.com,,True,False
C0113,Jenny Parsons,Chandigarh,VIP,Paid Ads,2024-05-27,jenny.parsons@example.com,203-569-7117,True,True
C0114,Doris Smith,Bangalore,New,Email,2024-09-26,,001-262-818-5188,False,True
C0115,AMANDA HUGHES,Delhi,VIP,Email,2024-10-18,amanda.hughes@example.com,001-705-415-3195x2058,True,True
C0116,Melinda Pollard,Chandigarh,VIP,Organic,2025-02-07,melinda.pollard@example.com,,True,False
C0117,Chad Baldwin,Bangalore,VIP,Email,2026-06-17,chad.baldwin@example.com,8439030548,True,True
C0118,Paul Lee,Pune,VIP,Referral,2024-10-01,paul.lee@example.com,001-705-641-5667x65277,True,True
C0119,Monica Miller,Mumbai,New,Referral,2025-06-19,monica.miller@example.com,(984)851-1544,True,True
C0120,JEREMY WEST,Delhi,Returning,Social Media,2025-10-30,,,False,False
C0121,Lisa Graham,Delhi,VIP,Referral,2025-07-29,lisa.graham@example.com,9162582029,True,True
C0122,David Brewer,Bangalore,Returning,Organic,2024-10-06,david.brewer@example.com,001-409-727-5571,True,True
C0123,Matthew Wright,Chandigarh,Returning,Email,2024-01-15,matthew.wright@example.com,001-927-586-8144x7394,True,True
C0124,Samuel Hayes,Pune,New,Organic,2026-05-01,samuel.hayes@example.com,,True,False
C0125,BRANDON FLEMING,Pune,New,Email,2026-03-05,brandon.fleming@example.com,451-588-4422x58313,True,True
C0126,Allison Spencer,Mumbai,New,Referral,2024-10-13,,+1-829-811-4678,False,True
C0127,Angela Compton,Chandigarh,New,Referral,2025-08-01,angela.compton@example.com,378.452.8922x680,True,True
C0128,Christopher Donovan,Mumbai,New,Social Media,2024-05-14,christopher.donovan@example.com,,True,False
C0129,Kelly Campbell,Pune,VIP,Referral,2023-12-09,kelly.campbell@example.com,484.424.9818,True,True
C0130,MARCUS WINTERS,Pune,VIP,Email,2024-09-10,marcus.winters@example.com,001-800-210-9439,True,True
C0131,Mr. Dylan Frye MD,Chandigarh,VIP,Email,2026-01-20,mr..dylan.frye.md@example.com,+1-464-771-0276x77359,True,True
C0132,Emma Travis,Mumbai,VIP,Organic,2024-09-18,,,False,False
C0133,Philip Robertson,Delhi,Returning,Organic,2024-01-08,philip.robertson@example.com,671.847.3210,True,True
C0134,Jennifer Estes,Chandigarh,VIP,Email,2026-05-04,jennifer.estes@example.com,995-532-7877x47016,True,True
C0135,HARRY WILLIAMS,Delhi,Returning,Referral,2025-02-25,harry.williams@example.com,+1-874-280-1624x5650,True,True
C0136,Chloe Tran,Pune,New,Referral,2023-12-04,chloe.tran@example.com,,True,False
C0137,Pamela Ramirez,Delhi,VIP,Referral,2026-08-05,pamela.ramirez@example.com,+1-891-221-6558x52398,True,True
C0138,Chad Cook,Pune,Returning,Referral,2025-02-02,,729.982.5952x694,False,True
C0139,Elizabeth Cabrera,Chandigarh,New,Social Media,2024-10-13,elizabeth.cabrera@example.com,+1-916-494-0974x99309,True,True
C0140,MICHELLE HAMPTON,Mumbai,New,Organic,2024-10-25,michelle.hampton@example.com,,True,False
C0141,Dana Armstrong,Mumbai,New,Referral,2025-10-02,dana.armstrong@example.com,907.256.2636,True,True
C0142,Kelly Hoffman,Delhi,VIP,Social Media,2026-08-15,kelly.hoffman@example.com,586.552.7858x5497,True,True
C0143,Edwin David,Pune,VIP,Social Media,2026-07-29,edwin.david@example.com,001-843-775-7584x41986,True,True
C0144,Regina Roberts,Pune,New,Organic,2024-07-19,,,False,False
C0145,HANNAH RAMOS,Chandigarh,VIP,Paid Ads,2024-06-16,hannah.ramos@example.com,233.584.8421x9933,True,True
C0146,Amy Gutierrez,Pune,New,Referral,2025-10-19,amy.gutierrez@example.com,620-782-6773,True,True
C0147,Anthony Mack,Pune,VIP,Paid Ads,2025-08-11,anthony.mack@example.com,480.626.2067,True,True
C0148,Alexandra Bradley,Bangalore,New,Organic,2024-01-09,alexandra.bradley@example.com,,True,False
C0149,Mrs. Virginia Daniels,Mumbai,Returning,Organic,2025-02-24,mrs..virginia.daniels@example.com,(687)443-1527,True,True
C0150,GEORGE PHILLIPS,Mumbai,New,Paid Ads,2025-09-04,,329.466.8516,False,True
C0151,Mrs. Taylor Smith,Hyderabad,New,Referral,2024-10-29,mrs..taylor.smith@example.com,945.649.9045x301,True,True
C0152,Michael Leblanc,Pune,Returning,Email,2026-04-19,michael.leblanc@example.com,,True,False
C0153,Melissa Fowler,Hyderabad,New,Paid Ads,2026-06-14,melissa.fowler@example.com,(993)532-7279x568,True,True
C0154,Melanie Larson,Delhi,New,Social Media,2026-01-02,melanie.larson@example.com,478.751.9108x83982,True,True
C0155,JESSICA FRAZIER,Chandigarh,New,Referral,2025-10-19,jessica.frazier@example.com,918.670.7286x7908,True,True
C0156,Jennifer Velasquez,Bangalore,VIP,Paid Ads,2025-11-19,,,False,False
C0157,Amber Cooper,Mumbai,New,Organic,2023-11-23,amber.cooper@example.com,7178046226,True,True
C0158,Thomas Bennett,Bangalore,New,Social Media,2023-12-11,thomas.bennett@example.com,+1-982-851-2868x23004,True,True
C0159,Samantha Wright,Delhi,New,Social Media,2024-09-19,samantha.wright@example.com,231-906-9033x119,True,True
C0160,MICHELE WILLIAMS,Mumbai,Returning,Paid Ads,2025-11-13,michele.williams@example.com,,True,False
C0161,David Robinson,Delhi,New,Paid Ads,2026-03-24,david.robinson@example.com,7285439599,True,True
C0162,Charles Keller,Bangalore,Returning,Referral,2024-05-09,,740-889-2687x0568,False,True
C0163,Elijah White,Chandigarh,Returning,Referral,2025-04-11,elijah.white@example.com,434.827.0866,True,True
C0164,Dalton Lucas,Hyderabad,VIP,Social Media,2026-05-26,dalton.lucas@example.com,,True,False
C0165,ANNA HARDY,Hyderabad,VIP,Referral,2024-04-06,anna.hardy@example.com,769-690-1398x373,True,True
C0166,Alexis Giles,Chandigarh,New,Referral,2026-07-07,alexis.giles@example.com,673-893-6385,True,True
C0167,Matthew Parker,Delhi,VIP,Referral,2024-10-04,matthew.parker@example.com,271.675.3556x0932,True,True
C0168,Lauren Cortez,Chandigarh,New,Email,2024-07-27,,,False,False
C0169,David Hudson,Bangalore,Returning,Referral,2024-06-04,david.hudson@example.com,+1-454-977-7252,True,True
C0170,STEVE MOONEY,Bangalore,VIP,Email,2026-07-02,steve.mooney@example.com,701.200.6231x20387,True,True
C0171,Mary Jensen,Chandigarh,Returning,Email,2025-02-12,mary.jensen@example.com,800.488.6008x4840,True,True
C0172,Brent Hernandez,Delhi,Returning,Organic,2024-04-08,brent.hernandez@example.com,,True,False
C0173,Robin Adams,Hyderabad,Returning,Organic,2024-11-12,robin.adams@example.com,(867)993-3410x166,True,True
C0174,Adam Jackson,Pune,VIP,Paid Ads,2025-03-02,,(259)418-0339x74014,False,True
C0175,EMILY ALI,Mumbai,Returning,Organic,2025-06-03,emily.ali@example.com,001-761-242-9396x85621,True,True
C0176,David Jones,Hyderabad,Returning,Email,2025-06-22,david.jones@example.com,,True,False
C0177,Linda Novak,Mumbai,VIP,Organic,2024-08-29,linda.novak@example.com,+1-647-573-5866x2961,True,True
C0178,Angela Moore,Hyderabad,Returning,Email,2025-10-13,angela.moore@example.com,+1-426-355-1104x7541,True,True
C0179,Jerry Peters,Mumbai,VIP,Social Media,2024-11-24,jerry.peters@example.com,2156819956,True,True
C0180,RICHARD HARDY,Mumbai,Returning,Referral,2025-05-04,,,False,False
C0181,Dana Meyer DDS,Pune,New,Paid Ads,2024-03-15,dana.meyer.dds@example.com,344-772-1264x647,True,True
C0182,David Weber,Bangalore,VIP,Social Media,2025-06-10,david.weber@example.com,871.724.0659,True,True
C0183,Jeffrey Colon,Hyderabad,VIP,Paid Ads,2025-08-10,jeffrey.colon@example.com,+1-924-559-3752x654,True,True
C0184,Douglas Hartman,Pune,VIP,Referral,2024-10-09,douglas.hartman@example.com,,True,False
C0185,CHRISTINA OSBORN,Bangalore,VIP,Organic,2024-03-26,christina.osborn@example.com,001-480-873-7416x72434,True,True
C0186,Angela Ewing,Mumbai,Returning,Paid Ads,2025-02-08,,(488)268-0589x1135,False,True
C0187,Maria Lucas,Bangalore,VIP,Email,2026-07-12,maria.lucas@example.com,761-801-4388x89937,True,True
C0188,Michael Vaughn,Hyderabad,Returning,Social Media,2024-02-24,michael.vaughn@example.com,,True,False
C0189,Mrs. Elizabeth Knapp MD,Bangalore,Returning,Paid Ads,2026-02-18,mrs..elizabeth.knapp.md@example.com,001-925-745-7387x5717,True,True
C0190,ANDREW PAGE,Pune,Returning,Paid Ads,2023-10-11,andrew.page@example.com,412-438-2825x86736,True,True
C0191,Jessica Johnson,Hyderabad,New,Referral,2025-07-02,jessica.johnson@example.com,379.366.0334,True,True
C0192,Kimberly Diaz,Pune,VIP,Email,2024-04-13,,,False,False
C0193,Michael Burns,Mumbai,New,Paid Ads,2026-07-11,michael.burns@example.com,396-496-9155x79249,True,True
C0194,David Wilson,Hyderabad,Returning,Paid Ads,2024-10-18,david.wilson@example.com,(486)969-2966,True,True
C0195,MELISSA BREWER,Delhi,New,Organic,2026-08-16,melissa.brewer@example.com,+1-227-742-2579,True,True
C0196,Kari Lee,Chandigarh,New,Social Media,2024-10-29,kari.lee@example.com,,True,False
C0197,Marissa Ortiz,Pune,New,Social Media,2025-02-21,marissa.ortiz@example.com,001-677-421-9034x043,True,True
C0198,Krystal Barton,Bangalore,VIP,Email,2025-02-25,,519.614.8580x78361,False,True
C0199,Amanda Baker,Delhi,VIP,Social Media,2026-03-23,amanda.baker@example.com,471-433-9596,True,True
C0200,ROBIN TRUJILLO,Bangalore,Returning,Paid Ads,2025-05-16,robin.trujillo@example.com,,True,False
C0201,Linda Jackson,Delhi,VIP,Organic,2026-07-25,linda.jackson@example.com,449-748-1260x4223,True,True
C0202,Pam Lowe,Chandigarh,Returning,Paid Ads,2025-02-19,pam.lowe@example.com,001-646-767-1168,True,True
C0203,John Perkins,Delhi,VIP,Email,2026-03-30,john.perkins@example.com,001-617-751-8636x3745,True,True
C0204,Bianca Phelps,Bangalore,New,Email,2026-01-03,,,False,False
C0205,PAMELA WILLIAMS,Delhi,New,Social Media,2025-07-14,pamela.williams@example.com,601.327.7063x242,True,True
C0206,Danielle Watson,Delhi,Returning,Email,2026-05-06,danielle.watson@example.com,(506)943-6110,True,True
C0207,Kevin Stone,Pune,VIP,Referral,2025-01-02,kevin.stone@example.com,3513627136,True,True
C0208,Jacob Evans,Bangalore,VIP,Email,2024-10-28,jacob.evans@example.com,,True,False
C0209,Shelly May,Bangalore,VIP,Social Media,2025-09-07,shelly.may@example.com,489-809-2753,True,True
C0210,JESSICA ROBINSON,Delhi,VIP,Social Media,2026-04-28,,(619)365-6523,False,True
C0211,Kyle Griffith,Bangalore,Returning,Paid Ads,2024-07-16,kyle.griffith@example.com,001-904-838-9836x403,True,True
C0212,Jonathan Wheeler,Hyderabad,Returning,Email,2025-04-01,jonathan.wheeler@example.com,,True,False
C0213,Victoria Peck,Bangalore,VIP,Paid Ads,2024-02-04,victoria.peck@example.com,001-365-282-7109,True,True
C0214,Andrew Brown,Mumbai,Returning,Organic,2026-01-04,andrew.brown@example.com,348.566.6188x92414,True,True
C0215,BRITTNEY MURPHY,Hyderabad,Returning,Paid Ads,2025-06-02,brittney.murphy@example.com,001-614-463-0316x17990,True,True
C0216,Michael Miles,Mumbai,Returning,Referral,2024-03-09,,,False,False
C0217,Kelly Logan,Pune,New,Paid Ads,2025-10-23,kelly.logan@example.com,(352)641-0564,True,True
C0218,Laura Jones,Delhi,New,Social Media,2025-01-13,laura.jones@example.com,(207)292-5241x913,True,True
C0219,Alexandria Williams,Hyderabad,New,Paid Ads,2024-10-08,alexandria.williams@example.com,(720)686-3536,True,True
C0220,LAURA WILSON,Chandigarh,Returning,Social Media,2025-09-03,laura.wilson@example.com,,True,False
C0221,Daniel Black,Mumbai,VIP,Social Media,2023-11-04,daniel.black@example.com,(617)544-5187x0534,True,True
C0222,Kevin Snyder,Bangalore,New,Paid Ads,2025-12-17,,783.220.6038,False,True
C0223,April Sandoval,Bangalore,Returning,Email,2026-03-09,april.sandoval@example.com,001-541-838-3670x2410,True,True
C0224,Jacqueline Villegas,Hyderabad,New,Email,2023-12-16,jacqueline.villegas@example.com,,True,False
C0225,CASEY WILKINS,Bangalore,Returning,Organic,2023-12-05,casey.wilkins@example.com,001-706-723-4456,True,True
C0226,David Harding,Mumbai,Returning,Social Media,2024-02-08,david.harding@example.com,001-991-621-2775x61853,True,True
C0227,Samuel Davis,Bangalore,VIP,Email,2026-01-24,samuel.davis@example.com,690-435-2135x6804,True,True
C0228,Jared Chavez,Pune,New,Social Media,2025-11-21,,,False,False
C0229,Joel Lara,Delhi,Returning,Social Media,2024-02-12,joel.lara@example.com,6033236519,True,True
C0230,AUSTIN ORR,Bangalore,New,Social Media,2025-01-01,austin.orr@example.com,(815)810-7029,True,True
C0231,James Simmons MD,Mumbai,VIP,Social Media,2026-05-11,james.simmons.md@example.com,947-220-9993x476,True,True
C0232,James Barnes,Hyderabad,New,Social Media,2025-08-01,james.barnes@example.com,,True,False
C0233,Danielle Mcknight,Delhi,VIP,Email,2025-04-17,danielle.mcknight@example.com,7658787598,True,True
C0234,Alexander Harper,Chandigarh,Returning,Email,2023-10-18,,001-240-578-5932x13348,False,True
C0235,VICKIE PRICE,Pune,VIP,Organic,2026-06-08,vickie.price@example.com,(423)595-5905,True,True
C0236,Rita Waller,Chandigarh,VIP,Social Media,2025-04-16,rita.waller@example.com,,True,False
C0237,Andrew Brown,Delhi,Returning,Paid Ads,2025-06-18,andrew.brown@example.com,4877059325,True,True
C0238,Charles Bush,Chandigarh,Returning,Social Media,2024-02-14,charles.bush@example.com,685-715-6915,True,True
C0239,Christopher Fry,Mumbai,New,Social Media,2026-01-07,christopher.fry@example.com,452.289.5392x6442,True,True
C0240,TIFFANY MYERS,Mumbai,Returning,Social Media,2026-08-10,,,False,False
C0241,Amanda Guzman,Mumbai,Returning,Referral,2026-05-24,amanda.guzman@example.com,+1-339-717-2513x552,True,True
C0242,Derek Wright,Chandigarh,Returning,Organic,2023-11-28,derek.wright@example.com,810-306-7626x765,True,True
C0243,Rachel Lane,Hyderabad,VIP,Organic,2025-12-02,rachel.lane@example.com,327.310.4054,True,True
C0244,Stephen Martin,Mumbai,New,Organic,2023-12-05,stephen.martin@example.com,,True,False
C0245,VANESSA MORGAN,Hyderabad,New,Organic,2026-08-01,vanessa.morgan@example.com,606.629.6201x5336,True,True
C0246,Brendan Long,Delhi,New,Organic,2025-04-24,,520.450.6149x7310,False,True
C0247,Vanessa Wells,Pune,New,Paid Ads,2024-01-18,vanessa.wells@example.com,(277)641-8625x6527,True,True
C0248,Dennis Hood,Delhi,Returning,Organic,2025-05-09,dennis.hood@example.com,,True,False
C0249,Michael Davis,Pune,New,Social Media,2025-08-28,michael.davis@example.com,+1-969-538-0686,True,True
C0250,BLAKE ORR,Hyderabad,Returning,Referral,2025-10-16,blake.orr@example.com,898.399.2172x23320,True,True
C0251,Jessica Osborn DDS,Delhi,VIP,Email,2026-02-21,jessica.osborn.dds@example.com,251-816-8685x487,True,True
C0252,Chase Knight,Hyderabad,VIP,Organic,2025-05-29,,,False,False
C0253,Ariel Garcia,Delhi,Returning,Organic,2025-12-25,ariel.garcia@example.com,885-464-6799x7024,True,True
C0254,Melanie Morales,Pune,New,Referral,2024-11-11,melanie.morales@example.com,430-674-5054x44713,True,True
C0255,JESSICA PETERSEN,Pune,VIP,Social Media,2024-06-29,jessica.petersen@example.com,(691)837-3678x50821,True,True
C0256,Samuel Suarez,Bangalore,VIP,Paid Ads,2023-10-17,samuel.suarez@example.com,,True,False
C0257,Ross Hood,Chandigarh,VIP,Paid Ads,2024-06-08,ross.hood@example.com,705.934.5786x103,True,True
C0258,Cassandra Harrell,Chandigarh,VIP,Referral,2025-06-03,,(552)541-4060x293,False,True
C0259,Debra Ortiz,Hyderabad,VIP,Organic,2023-10-08,debra.ortiz@example.com,001-707-922-9034x94466,True,True
C0260,JOHN BYRD,Pune,New,Referral,2026-02-10,john.byrd@example.com,,True,False
C0261,Brian Hunt,Pune,Returning,Referral,2025-08-22,brian.hunt@example.com,(689)694-4171x545,True,True
C0262,Tiffany Curtis,Chandigarh,VIP,Referral,2024-04-04,tiffany.curtis@example.com,230.596.5207x44666,True,True
C0263,Micheal Parks,Chandigarh,Returning,Social Media,2025-07-27,micheal.parks@example.com,458.742.8241x7248,True,True
C0264,Courtney Walker,Chandigarh,Returning,Referral,2026-04-02,,,False,False
C0265,STEPHEN WATSON,Hyderabad,Returning,Paid Ads,2025-06-01,stephen.watson@example.com,817.609.9917x381,True,True
C0266,Seth Hernandez,Bangalore,New,Email,2026-08-08,seth.hernandez@example.com,969-672-5217x52500,True,True
C0267,Raymond Johnston,Hyderabad,Returning,Email,2024-03-03,raymond.johnston@example.com,001-712-296-6667x60083,True,True
C0268,Nicole Schmidt,Pune,Returning,Social Media,2023-10-06,nicole.schmidt@example.com,,True,False
C0269,Nicholas Perez,Bangalore,VIP,Email,2026-04-07,nicholas.perez@example.com,721-868-9421x0447,True,True
C0270,WHITNEY COOPER,Mumbai,Returning,Paid Ads,2026-05-03,,(432)360-3323x098,False,True
C0271,Matthew Johnson,Chandigarh,Returning,Social Media,2026-04-07,matthew.johnson@example.com,889-309-0100x167,True,True
C0272,Kara Hernandez,Delhi,Returning,Email,2025-09-26,kara.hernandez@example.com,,True,False
C0273,Elizabeth Stanley,Pune,VIP,Social Media,2025-08-22,elizabeth.stanley@example.com,999-526-1891x411,True,True
C0274,Paula Decker,Mumbai,New,Social Media,2026-07-19,paula.decker@example.com,(264)320-8737x530,True,True
C0275,SARA CALDWELL,Mumbai,New,Social Media,2024-02-22,sara.caldwell@example.com,981-214-3744,True,True
C0276,Christopher Williams,Delhi,Returning,Referral,2024-07-22,,,False,False
C0277,Emily Rodgers,Mumbai,Returning,Email,2023-12-27,emily.rodgers@example.com,001-300-822-5579x41552,True,True
C0278,Jesus Houston,Hyderabad,Returning,Email,2025-09-20,jesus.houston@example.com,462.812.0216x9797,True,True
C0279,Lisa Huffman,Chandigarh,VIP,Paid Ads,2026-04-11,lisa.huffman@example.com,001-527-771-6701x4508,True,True
C0280,MELISSA MONTGOMERY,Chandigarh,New,Social Media,2024-12-20,melissa.montgomery@example.com,,True,False
C0281,Karen Alvarado,Bangalore,VIP,Paid Ads,2025-07-31,karen.alvarado@example.com,(489)300-2877,True,True
C0282,Erica Rivera,Hyderabad,Returning,Social Media,2024-07-09,,738.366.3177x97177,False,True
C0283,Dr. Alicia Powell,Bangalore,New,Organic,2023-10-25,dr..alicia.powell@example.com,+1-901-799-4883,True,True
C0284,Anthony Walker,Mumbai,New,Social Media,2025-01-12,anthony.walker@example.com,,True,False
C0285,LISA KENNEDY,Hyderabad,New,Referral,2025-08-16,lisa.kennedy@example.com,001-371-213-0554x885,True,True
C0286,Katherine Underwood,Hyderabad,VIP,Referral,2025-11-15,katherine.underwood@example.com,(214)393-3163x73516,True,True
C0287,Joanna Barrett,Bangalore,VIP,Email,2026-07-01,joanna.barrett@example.com,(470)480-8697,True,True
C0288,Betty Hughes,Mumbai,Returning,Email,2025-06-17,,,False,False
C0289,Kathy Cruz,Mumbai,Returning,Social Media,2026-07-26,kathy.cruz@example.com,001-634-765-4722x698,True,True
C0290,TAYLOR CHEN,Mumbai,Returning,Referral,2024-04-17,taylor.chen@example.com,+1-845-622-8851x587,True,True
C0291,Jenny Smith,Delhi,New,Paid Ads,2024-01-08,jenny.smith@example.com,(220)703-4244x2043,True,True
C0292,Ashley Parrish,Mumbai,New,Email,2025-11-12,ashley.parrish@example.com,,True,False
C0293,Natalie Hoffman,Hyderabad,New,Paid Ads,2024-05-27,natalie.hoffman@example.com,001-940-566-6580x043,True,True
C0294,Michele Holland,Delhi,VIP,Social Media,2025-11-29,,+1-493-334-7212,False,True
C0295,JEFFREY HAWKINS,Mumbai,VIP,Email,2024-02-02,jeffrey.hawkins@example.com,001-240-657-2025,True,True
C0296,Kenneth Howard DDS,Pune,VIP,Referral,2024-08-20,kenneth.howard.dds@example.com,,True,False
C0297,Clinton Jones,Chandigarh,New,Referral,2025-03-07,clinton.jones@example.com,(988)261-5335x55439,True,True
C0298,Gregory Allen,Delhi,Returning,Paid Ads,2025-08-01,gregory.allen@example.com,+1-730-956-1648x408,True,True
C0299,Mr. Matthew Flores,Mumbai,New,Email,2023-12-13,mr..matthew.flores@example.com,328-580-1336,True,True
C0300,MICHELE CHERRY,Delhi,Returning,Organic,2025-12-20,,,False,False
