order_item_id,order_id,product_id,quantity,discount_pct
OI000001,O00001,PR016,4.0,0.0
OI000002,O00002,PR075,5.0,0.1
OI000003,O00002,PR010,4.0,0.0
OI000004,O00002,PR065,1.0,0.2
OI000005,O00003,PR068,3.0,0.05
OI000006,O00003,PR007,2.0,0.0
OI000007,O00004,PR044,4.0,0.1
OI000008,O00004,PR059,2.0,0.0
OI000009,O00004,PR024,1.0,0.05
OI000010,O00004,PR043,2.0,0.0
OI000011,O00005,PR001,4.0,0.0
OI000012,O00005,PR027,2.0,0.1
OI000013,O00006,PR063,1.0,0.0
OI000014,O00006,PR079,4.0,0.15
OI000015,O00007,PR055,4.0,0.05
OI000016,O00008,PR069,2.0,0.15
OI000017,O00009,PR002,3.0,0.2
OI000018,O00010,PR025,1.0,0.15
OI000019,O00010,PR001,2.0,0.0
OI000020,O00010,PR045,3.0,0.0
OI000021,O00011,PR065,5.0,0.0
OI000022,O00012,PR006,3.0,0.0
OI000023,O00013,PR067,5.0,0.1
OI000024,O00014,PR018,3.0,0.05
OI000025,O00015,PR025,2.0,0.2
OI000026,O00016,PR030,2.0,0.15
OI000027,O00017,PR028,1.0,0.1
OI000028,O00017,PR065,2.0,0.0
OI000029,O00017,PR047,1.0,0.05
OI000030,O00017,PR033,5.0,0.1
OI000031,O00018,PR007,1.0,0.15
OI000032,O00019,PR007,1.0,0.05
OI000033,O00019,PR057,4.0,0.0
OI000034,O00019,PR071,3.0,0.05
OI000035,O00020,PR027,1.0,0.0
OI000036,O00020,PR054,1.0,0.15
OI000037,O00021,PR080,5.0,0.15
OI000038,O00021,PR018,4.0,0.2
OI000039,O00022,PR066,5.0,0.0
OI000040,O00022,PR037,1.0,0.2
OI000041,O00022,PR014,4.0,0.0
OI000042,O00023,PR034,5.0,0.0
OI000043,O00023,PR046,4.0,0.0
OI000044,O00024,PR071,4.0,0.0
OI000045,O00025,PR062,3.0,0.0
OI000046,O00025,PR001,1.0,0.15
OI000047,O00026,PR015,5.0,0.15
OI000048,O00027,PR012,5.0,0.0
OI000049,O00028,PR013,3.0,0.15
OI000050,O00028,PR030,,0.0
OI000051,O00029,PR999,1.0,0.2
OI000052,O00030,PR006,3.0,0.0
OI000053,O00031,PR041,4.0,0.15
OI000054,O00031,PR015,1.0,0.2
OI000055,O00031,PR006,1.0,0.2
OI000056,O00032,PR022,3.0,0.0
OI000057,O00033,PR080,3.0,0.15
OI000058,O00033,PR012,3.0,0.2
OI000059,O00033,PR044,2.0,0.0
OI000060,O00034,PR059,3.0,0.2
OI000061,O00035,PR062,4.0,0.15
OI000062,O00036,PR022,1.0,0.0
OI000063,O00036,PR008,2.0,0.0
OI000064,O00036,PR054,5.0,0.05
OI000065,O00037,PR057,2.0,0.1
OI000066,O00037,PR049,3.0,0.1
OI000067,O00037,PR004,2.0,0.05
OI000068,O00038,PR015,4.0,0.05
OI000069,O00038,PR006,1.0,0.0
OI000070,O00038,PR041,1.0,0.15
OI000071,O00039,PR068,5.0,0.15
OI000072,O00039,PR073,2.0,0.15
OI000073,O00039,PR044,5.0,0.1
OI000074,O00040,PR080,1.0,0.05
OI000075,O00040,PR032,4.0,0.0
OI000076,O00041,PR050,2.0,0.2
OI000077,O00041,PR072,5.0,0.0
OI000078,O00042,PR021,5.0,0.2
OI000079,O00043,PR064,2.0,0.0
OI000080,O00044,PR042,2.0,0.0
OI000081,O00044,PR036,1.0,0.1
OI000082,O00045,PR049,4.0,0.2
OI000083,O00046,PR059,4.0,0.2
OI000084,O00047,PR012,4.0,0.05
OI000085,O00047,PR041,1.0,0.05
OI000086,O00048,PR003,1.0,0.05
OI000087,O00048,PR053,1.0,0.1
OI000088,O00049,PR012,5.0,0.1
OI000089,O00049,PR039,5.0,0.1
OI000090,O00050,PR059,3.0,0.0
OI000091,O00051,PR029,4.0,0.0
OI000092,O00051,PR072,5.0,0.1
OI000093,O00051,PR061,3.0,0.15
OI000094,O00052,PR013,2.0,0.0
OI000095,O00053,PR038,5.0,0.1
OI000096,O00054,PR014,1.0,0.0
OI000097,O00055,PR053,1.0,0.0
OI000098,O00056,PR025,1.0,0.2
OI000099,O00056,PR051,2.0,0.05
OI000100,O00057,PR025,,0.0
OI000101,O00057,PR054,1.0,0.15
OI000102,O00057,PR076,1.0,0.2
OI000103,O00058,PR059,5.0,0.1
OI000104,O00058,PR018,4.0,0.0
OI000105,O00058,PR068,1.0,0.1
OI000106,O00059,PR075,4.0,0.1
OI000107,O00059,PR023,5.0,0.0
OI000108,O00059,PR017,1.0,0.05
OI000109,O00060,PR078,3.0,0.1
OI000110,O00060,PR050,4.0,0.1
OI000111,O00061,PR032,3.0,0.05
OI000112,O00061,PR044,3.0,0.05
OI000113,O00061,PR018,2.0,0.05
OI000114,O00062,PR066,3.0,0.2
OI000115,O00062,PR071,3.0,0.15
OI000116,O00063,PR071,2.0,0.0
OI000117,O00063,PR027,5.0,0.15
OI000118,O00064,PR045,2.0,0.15
OI000119,O00065,PR023,5.0,0.1
OI000120,O00065,PR042,1.0,0.2
OI000121,O00066,PR062,5.0,0.1
OI000122,O00067,PR054,5.0,0.0
OI000123,O00067,PR055,1.0,0.1
OI000124,O00067,PR014,1.0,0.05
OI000125,O00068,PR008,2.0,0.0
OI000126,O00069,PR021,3.0,0.15
OI000127,O00069,PR033,2.0,0.2
OI000128,O00070,PR038,2.0,0.2
OI000129,O00071,PR046,4.0,0.0
OI000130,O00071,PR079,5.0,0.2
OI000131,O00072,PR072,4.0,0.0
OI000132,O00073,PR037,1.0,0.05
OI000133,O00073,PR050,4.0,0.2
OI000134,O00074,PR041,5.0,0.0
OI000135,O00074,PR002,3.0,0.0
OI000136,O00074,PR080,4.0,0.2
OI000137,O00074,PR029,3.0,0.2
OI000138,O00075,PR078,2.0,0.2
OI000139,O00075,PR025,3.0,0.05
OI000140,O00076,PR010,2.0,0.0
OI000141,O00077,PR016,4.0,0.0
OI000142,O00077,PR055,3.0,0.1
OI000143,O00078,PR021,5.0,0.2
OI000144,O00079,PR043,4.0,0.15
OI000145,O00080,PR006,2.0,0.0
OI000146,O00080,PR077,1.0,0.2
OI000147,O00080,PR005,5.0,0.2
OI000148,O00081,PR063,5.0,0.1
OI000149,O00081,PR046,1.0,0.2
OI000150,O00082,PR068,,0.0
OI000151,O00082,PR067,1.0,0.2
OI000152,O00083,PR054,5.0,0.1
OI000153,O00083,PR052,1.0,0.0
OI000154,O00084,PR028,3.0,0.0
OI000155,O00085,PR028,5.0,0.1
OI000156,O00086,PR072,1.0,0.0
OI000157,O00087,PR058,2.0,0.15
OI000158,O00087,PR079,5.0,0.0
OI000159,O00088,PR042,4.0,0.2
OI000160,O00088,PR015,4.0,0.0
OI000161,O00088,PR070,3.0,0.0
OI000162,O00088,PR067,3.0,0.1
OI000163,O00089,PR058,4.0,0.0
OI000164,O00089,PR038,2.0,0.0
OI000165,O00089,PR066,1.0,0.0
OI000166,O00090,PR069,5.0,0.0
OI000167,O00091,PR027,2.0,0.2
OI000168,O00091,PR055,1.0,0.0
OI000169,O00092,PR056,1.0,0.15
OI000170,O00092,PR020,1.0,0.05
OI000171,O00093,PR005,1.0,0.0
OI000172,O00093,PR007,2.0,0.2
OI000173,O00094,PR010,5.0,0.2
OI000174,O00095,PR034,4.0,0.05
OI000175,O00096,PR052,4.0,0.0
OI000176,O00097,PR016,5.0,0.0
OI000177,O00098,PR080,1.0,0.2
OI000178,O00098,PR075,1.0,0.15
OI000179,O00099,PR046,5.0,0.0
OI000180,O00099,PR038,3.0,0.1
OI000181,O00099,PR012,3.0,0.2
OI000182,O00100,PR049,4.0,0.2
OI000183,O00100,PR004,4.0,0.0
OI000184,O00100,PR069,2.0,0.0
OI000185,O00101,PR070,3.0,0.15
OI000186,O00101,PR019,3.0,0.15
OI000187,O00102,PR048,1.0,0.1
OI000188,O00102,PR072,2.0,0.0
OI000189,O00102,PR006,1.0,0.1
OI000190,O00103,PR069,5.0,0.0
OI000191,O00103,PR040,2.0,0.15
OI000192,O00104,PR045,2.0,0.05
OI000193,O00104,PR066,2.0,0.0
OI000194,O00105,PR079,3.0,0.0
OI000195,O00106,PR073,1.0,0.2
OI000196,O00107,PR071,4.0,0.15
OI000197,O00107,PR071,1.0,0.0
OI000198,O00108,PR033,1.0,0.0
OI000199,O00108,PR075,4.0,0.0
OI000200,O00109,PR031,,0.0
OI000201,O00110,PR025,3.0,0.05
OI000202,O00110,PR058,3.0,0.1
OI000203,O00111,PR075,2.0,0.1
OI000204,O00111,PR073,3.0,0.2
OI000205,O00112,PR055,2.0,0.0
OI000206,O00113,PR029,4.0,0.0
OI000207,O00114,PR018,3.0,0.05
OI000208,O00114,PR060,4.0,0.0
OI000209,O00114,PR040,4.0,0.1
OI000210,O00115,PR078,1.0,0.2
OI000211,O00116,PR018,5.0,0.0
OI000212,O00117,PR005,1.0,0.15
OI000213,O00118,PR003,5.0,0.15
OI000214,O00119,PR075,5.0,0.05
OI000215,O00120,PR028,1.0,0.1
OI000216,O00120,PR034,5.0,0.1
OI000217,O00121,PR020,3.0,0.05
OI000218,O00122,PR076,3.0,0.0
OI000219,O00123,PR066,1.0,0.05
OI000220,O00124,PR002,2.0,0.2
OI000221,O00125,PR079,2.0,0.2
OI000222,O00125,PR066,2.0,0.05
OI000223,O00125,PR021,2.0,0.1
OI000224,O00125,PR073,2.0,0.15
OI000225,O00126,PR046,1.0,0.0
OI000226,O00126,PR063,2.0,0.0
OI000227,O00127,PR030,1.0,0.15
OI000228,O00128,PR047,4.0,0.05
OI000229,O00129,PR006,1.0,0.15
OI000230,O00129,PR042,1.0,0.15
OI000231,O00129,PR067,3.0,0.2
OI000232,O00130,PR075,5.0,0.1
OI000233,O00130,PR023,4.0,0.15
OI000234,O00131,PR076,1.0,0.1
OI000235,O00132,PR029,5.0,0.05
OI000236,O00133,PR045,4.0,0.2
OI000237,O00134,PR078,1.0,0.1
OI000238,O00135,PR057,2.0,0.0
OI000239,O00135,PR010,5.0,0.15
OI000240,O00135,PR036,2.0,0.0
OI000241,O00136,PR047,5.0,0.15
OI000242,O00137,PR030,4.0,0.2
OI000243,O00137,PR043,1.0,0.05
OI000244,O00137,PR062,4.0,0.0
OI000245,O00138,PR053,1.0,0.0
OI000246,O00138,PR006,2.0,0.1
OI000247,O00139,PR018,5.0,0.0
OI000248,O00139,PR074,2.0,0.0
OI000249,O00140,PR024,5.0,0.05
OI000250,O00141,PR073,,0.15
OI000251,O00141,PR037,1.0,0.0
OI000252,O00142,PR061,4.0,0.0
OI000253,O00143,PR053,5.0,0.0
OI000254,O00144,PR024,5.0,0.15
OI000255,O00144,PR066,3.0,0.0
OI000256,O00145,PR044,4.0,0.1
OI000257,O00145,PR076,1.0,0.0
OI000258,O00146,PR017,1.0,0.0
OI000259,O00147,PR065,4.0,0.2
OI000260,O00148,PR013,2.0,0.05
OI000261,O00149,PR077,1.0,0.2
OI000262,O00149,PR069,5.0,0.2
OI000263,O00149,PR016,1.0,0.05
OI000264,O00150,PR078,5.0,0.2
OI000265,O00150,PR001,4.0,0.1
OI000266,O00151,PR006,5.0,0.05
OI000267,O00152,PR062,4.0,0.0
OI000268,O00153,PR074,1.0,0.05
OI000269,O00153,PR018,3.0,0.05
OI000270,O00154,PR011,3.0,0.1
OI000271,O00154,PR070,4.0,0.0
OI000272,O00155,PR001,5.0,0.1
OI000273,O00156,PR001,4.0,0.15
OI000274,O00157,PR041,4.0,0.0
OI000275,O00158,PR055,5.0,0.0
OI000276,O00159,PR069,4.0,0.1
OI000277,O00160,PR036,4.0,0.2
OI000278,O00161,PR071,5.0,0.05
OI000279,O00162,PR072,5.0,0.05
OI000280,O00163,PR040,5.0,0.0
OI000281,O00164,PR051,2.0,0.2
OI000282,O00164,PR016,2.0,0.05
OI000283,O00165,PR021,1.0,0.0
OI000284,O00165,PR066,4.0,0.2
OI000285,O00166,PR071,5.0,0.15
OI000286,O00167,PR007,2.0,0.05
OI000287,O00167,PR001,1.0,0.2
OI000288,O00168,PR077,4.0,0.0
OI000289,O00169,PR029,3.0,0.0
OI000290,O00170,PR050,4.0,0.1
OI000291,O00170,PR067,3.0,0.15
OI000292,O00171,PR008,2.0,0.15
OI000293,O00171,PR064,4.0,0.0
OI000294,O00171,PR026,5.0,0.0
OI000295,O00171,PR025,1.0,0.2
OI000296,O00172,PR067,2.0,0.1
OI000297,O00172,PR022,1.0,0.0
OI000298,O00173,PR001,2.0,0.0
OI000299,O00174,PR052,3.0,0.15
OI000300,O00174,PR051,,0.1
OI000301,O00174,PR026,5.0,0.0
OI000302,O00174,PR009,1.0,0.1
OI000303,O00175,PR072,5.0,0.0
OI000304,O00176,PR036,2.0,0.1
OI000305,O00177,PR059,4.0,0.1
OI000306,O00177,PR001,3.0,0.0
OI000307,O00177,PR053,5.0,0.0
OI000308,O00177,PR072,1.0,0.1
OI000309,O00178,PR015,5.0,0.0
OI000310,O00179,PR074,3.0,0.15
OI000311,O00179,PR057,4.0,0.1
OI000312,O00179,PR062,2.0,0.2
OI000313,O00180,PR059,4.0,0.1
OI000314,O00181,PR062,1.0,0.0
OI000315,O00181,PR009,4.0,0.15
OI000316,O00181,PR029,2.0,0.2
OI000317,O00182,PR046,5.0,0.1
OI000318,O00183,PR034,2.0,0.0
OI000319,O00184,PR044,1.0,0.1
OI000320,O00185,PR061,3.0,0.0
OI000321,O00185,PR028,5.0,0.0
OI000322,O00185,PR024,2.0,0.05
OI000323,O00186,PR031,2.0,0.2
OI000324,O00186,PR034,2.0,0.0
OI000325,O00187,PR032,5.0,0.0
OI000326,O00188,PR014,1.0,0.0
OI000327,O00189,PR064,5.0,0.0
OI000328,O00189,PR070,1.0,0.2
OI000329,O00190,PR080,3.0,0.05
OI000330,O00191,PR074,3.0,0.05
OI000331,O00191,PR024,5.0,0.0
OI000332,O00191,PR051,2.0,0.2
OI000333,O00192,PR007,5.0,0.2
OI000334,O00192,PR055,4.0,0.1
OI000335,O00193,PR045,4.0,0.2
OI000336,O00194,PR023,4.0,0.0
OI000337,O00194,PR067,4.0,0.0
OI000338,O00195,PR002,2.0,0.05
OI000339,O00195,PR075,1.0,0.0
OI000340,O00196,PR034,2.0,0.1
OI000341,O00197,PR035,4.0,0.1
OI000342,O00198,PR024,4.0,0.05
OI000343,O00199,PR048,3.0,0.2
OI000344,O00200,PR058,2.0,0.1
OI000345,O00201,PR074,2.0,0.2
OI000346,O00202,PR035,2.0,0.1
OI000347,O00203,PR049,2.0,0.0
OI000348,O00204,PR020,4.0,0.2
OI000349,O00204,PR002,2.0,0.05
OI000350,O00204,PR064,,0.2
OI000351,O00205,PR069,3.0,0.2
OI000352,O00205,PR063,3.0,0.0
OI000353,O00206,PR073,1.0,0.05
OI000354,O00206,PR013,2.0,0.0
OI000355,O00207,PR033,4.0,0.2
OI000356,O00208,PR058,3.0,0.0
OI000357,O00208,PR047,3.0,0.1
OI000358,O00209,PR033,3.0,0.0
OI000359,O00209,PR053,1.0,0.0
OI000360,O00210,PR078,2.0,0.1
OI000361,O00210,PR074,5.0,0.0
OI000362,O00210,PR037,3.0,0.0
OI000363,O00211,PR063,4.0,0.0
OI000364,O00211,PR049,5.0,0.0
OI000365,O00212,PR019,2.0,0.15
OI000366,O00213,PR044,4.0,0.15
OI000367,O00213,PR079,5.0,0.05
OI000368,O00213,PR010,1.0,0.0
OI000369,O00214,PR041,3.0,0.15
OI000370,O00215,PR035,5.0,0.15
OI000371,O00216,PR057,3.0,0.15
OI000372,O00217,PR058,4.0,0.0
OI000373,O00217,PR024,1.0,0.0
OI000374,O00218,PR033,1.0,0.0
OI000375,O00218,PR022,4.0,0.0
OI000376,O00219,PR061,5.0,0.0
OI000377,O00220,PR051,5.0,0.2
OI000378,O00221,PR014,3.0,0.1
OI000379,O00221,PR020,1.0,0.15
OI000380,O00221,PR050,3.0,0.0
OI000381,O00221,PR032,3.0,0.05
OI000382,O00222,PR017,5.0,0.2
OI000383,O00222,PR022,1.0,0.0
OI000384,O00223,PR042,4.0,0.05
OI000385,O00223,PR070,3.0,0.1
OI000386,O00224,PR070,2.0,0.1
OI000387,O00225,PR005,5.0,0.05
OI000388,O00225,PR068,5.0,0.0
OI000389,O00226,PR062,5.0,0.0
OI000390,O00226,PR012,4.0,0.0
OI000391,O00226,PR047,4.0,0.0
OI000392,O00227,PR002,1.0,0.1
OI000393,O00228,PR018,3.0,0.0
OI000394,O00228,PR061,5.0,0.0
OI000395,O00228,PR063,4.0,0.0
OI000396,O00229,PR056,3.0,0.1
OI000397,O00230,PR001,5.0,0.0
OI000398,O00231,PR072,4.0,0.05
OI000399,O00232,PR050,4.0,0.0
OI000400,O00233,PR055,,0.1
OI000401,O00234,PR079,3.0,0.0
OI000402,O00234,PR069,3.0,0.05
OI000403,O00235,PR009,2.0,0.0
OI000404,O00236,PR059,5.0,0.05
OI000405,O00237,PR080,4.0,0.0
OI000406,O00238,PR020,1.0,0.1
OI000407,O00239,PR014,3.0,0.0
OI000408,O00240,PR057,1.0,0.0
OI000409,O00241,PR002,4.0,0.0
OI000410,O00242,PR040,4.0,0.0
OI000411,O00243,PR005,3.0,0.0
OI000412,O00244,PR019,1.0,0.0
OI000413,O00244,PR051,1.0,0.1
OI000414,O00244,PR061,2.0,0.0
OI000415,O00245,PR033,4.0,0.2
OI000416,O00245,PR002,1.0,0.2
OI000417,O00245,PR032,4.0,0.2
OI000418,O00246,PR032,1.0,0.0
OI000419,O00246,PR059,1.0,0.1
OI000420,O00246,PR027,4.0,0.05
OI000421,O00246,PR040,3.0,0.0
OI000422,O00247,PR006,5.0,0.1
OI000423,O00247,PR016,3.0,0.05
OI000424,O00248,PR026,3.0,0.0
OI000425,O00248,PR028,1.0,0.0
OI000426,O00249,PR042,1.0,0.0
OI000427,O00249,PR036,5.0,0.0
OI000428,O00250,PR032,1.0,0.0
OI000429,O00251,PR061,5.0,0.0
OI000430,O00251,PR048,1.0,0.0
OI000431,O00252,PR012,5.0,0.0
OI000432,O00253,PR005,1.0,0.0
OI000433,O00253,PR046,2.0,0.15
OI000434,O00253,PR069,1.0,0.0
OI000435,O00254,PR041,5.0,0.2
OI000436,O00255,PR045,4.0,0.15
OI000437,O00255,PR025,1.0,0.15
OI000438,O00256,PR018,3.0,0.0
OI000439,O00257,PR057,5.0,0.0
OI000440,O00258,PR063,2.0,0.1
OI000441,O00258,PR024,5.0,0.0
OI000442,O00259,PR060,3.0,0.2
OI000443,O00260,PR071,2.0,0.0
OI000444,O00260,PR068,2.0,0.05
OI000445,O00260,PR038,3.0,0.1
OI000446,O00261,PR001,5.0,0.05
OI000447,O00262,PR003,5.0,0.2
OI000448,O00262,PR047,5.0,0.0
OI000449,O00263,PR009,5.0,0.2
OI000450,O00264,PR068,,0.2
OI000451,O00265,PR079,3.0,0.0
OI000452,O00265,PR053,3.0,0.0
OI000453,O00266,PR009,1.0,0.2
OI000454,O00267,PR023,1.0,0.0
OI000455,O00267,PR014,4.0,0.0
OI000456,O00267,PR013,1.0,0.1
OI000457,O00268,PR050,4.0,0.1
OI000458,O00268,PR080,5.0,0.0
OI000459,O00269,PR029,5.0,0.15
OI000460,O00270,PR027,4.0,0.2
OI000461,O00271,PR008,3.0,0.1
OI000462,O00272,PR054,3.0,0.2
OI000463,O00272,PR008,5.0,0.0
OI000464,O00273,PR010,3.0,0.0
OI000465,O00273,PR028,5.0,0.0
OI000466,O00274,PR030,5.0,0.05
OI000467,O00275,PR068,2.0,0.1
OI000468,O00276,PR023,5.0,0.15
OI000469,O00276,PR072,4.0,0.15
OI000470,O00277,PR074,3.0,0.15
OI000471,O00278,PR055,1.0,0.0
OI000472,O00279,PR071,4.0,0.1
OI000473,O00279,PR044,2.0,0.1
OI000474,O00280,PR057,3.0,0.0
OI000475,O00280,PR071,3.0,0.2
OI000476,O00280,PR048,4.0,0.2
OI000477,O00280,PR056,3.0,0.1
OI000478,O00281,PR070,2.0,0.05
OI000479,O00282,PR033,3.0,0.05
OI000480,O00282,PR058,4.0,0.0
OI000481,O00283,PR037,5.0,0.0
OI000482,O00283,PR067,2.0,0.0
OI000483,O00284,PR029,2.0,0.2
OI000484,O00285,PR036,5.0,0.1
OI000485,O00286,PR074,2.0,0.0
OI000486,O00286,PR005,4.0,0.0
OI000487,O00287,PR034,3.0,0.1
OI000488,O00288,PR033,3.0,0.0
OI000489,O00289,PR073,2.0,0.15
OI000490,O00289,PR010,3.0,0.2
OI000491,O00290,PR063,5.0,0.2
OI000492,O00291,PR077,3.0,0.0
OI000493,O00291,PR074,4.0,0.0
OI000494,O00291,PR008,3.0,0.0
OI000495,O00292,PR056,4.0,0.2
OI000496,O00292,PR016,2.0,0.15
OI000497,O00292,PR078,1.0,0.15
OI000498,O00293,PR049,1.0,0.0
OI000499,O00293,PR068,1.0,0.0
OI000500,O00294,PR020,,0.1
OI000501,O00294,PR029,2.0,0.0
OI000502,O00295,PR051,4.0,0.2
OI000503,O00295,PR077,5.0,0.1
OI000504,O00296,PR056,3.0,0.2
OI000505,O00297,PR017,3.0,0.0
OI000506,O00298,PR007,5.0,0.05
OI000507,O00299,PR052,5.0,0.05
OI000508,O00300,PR017,2.0,0.05
OI000509,O00300,PR072,2.0,0.05
OI000510,O00301,PR074,2.0,0.1
OI000511,O00302,PR068,2.0,0.0
OI000512,O00302,PR010,3.0,0.2
OI000513,O00303,PR074,1.0,0.0
OI000514,O00304,PR055,3.0,0.0
OI000515,O00304,PR025,3.0,0.0
OI000516,O00305,PR004,3.0,0.0
OI000517,O00305,PR045,5.0,0.2
OI000518,O00306,PR057,5.0,0.0
OI000519,O00306,PR057,1.0,0.2
OI000520,O00306,PR030,2.0,0.15
OI000521,O00306,PR048,2.0,0.2
OI000522,O00307,PR011,1.0,0.15
OI000523,O00307,PR007,2.0,0.1
OI000524,O00308,PR037,1.0,0.0
OI000525,O00308,PR015,3.0,0.05
OI000526,O00308,PR061,1.0,0.0
OI000527,O00309,PR069,2.0,0.0
OI000528,O00310,PR034,5.0,0.05
OI000529,O00310,PR080,2.0,0.15
OI000530,O00311,PR003,4.0,0.1
OI000531,O00311,PR068,1.0,0.0
OI000532,O00312,PR037,2.0,0.2
OI000533,O00313,PR035,1.0,0.05
OI000534,O00313,PR002,1.0,0.05
OI000535,O00314,PR047,1.0,0.0
OI000536,O00314,PR038,4.0,0.0
OI000537,O00315,PR066,1.0,0.0
OI000538,O00315,PR063,5.0,0.1
OI000539,O00315,PR012,2.0,0.0
OI000540,O00315,PR065,4.0,0.1
OI000541,O00316,PR003,1.0,0.0
OI000542,O00316,PR068,3.0,0.0
OI000543,O00316,PR063,4.0,0.15
OI000544,O00317,PR045,3.0,0.0
OI000545,O00318,PR031,5.0,0.0
OI000546,O00318,PR008,3.0,0.05
OI000547,O00319,PR004,5.0,0.0
OI000548,O00319,PR029,2.0,0.0
OI000549,O00319,PR051,2.0,0.0
OI000550,O00320,PR067,,0.2
OI000551,O00320,PR005,2.0,0.05
OI000552,O00321,PR020,4.0,0.0
OI000553,O00322,PR043,4.0,0.1
OI000554,O00322,PR017,2.0,0.15
OI000555,O00322,PR018,5.0,0.1
OI000556,O00323,PR026,2.0,0.0
OI000557,O00323,PR068,2.0,0.05
OI000558,O00324,PR019,5.0,0.0
OI000559,O00324,PR041,1.0,0.1
OI000560,O00324,PR069,1.0,0.0
OI000561,O00324,PR041,2.0,0.15
OI000562,O00325,PR041,4.0,0.05
OI000563,O00326,PR036,2.0,0.2
OI000564,O00327,PR017,2.0,0.0
OI000565,O00328,PR079,5.0,0.0
OI000566,O00328,PR078,5.0,0.1
OI000567,O00329,PR030,2.0,0.15
OI000568,O00330,PR011,4.0,0.0
OI000569,O00331,PR078,4.0,0.15
OI000570,O00331,PR048,2.0,0.2
OI000571,O00332,PR061,2.0,0.0
OI000572,O00333,PR005,4.0,0.2
OI000573,O00334,PR035,4.0,0.0
OI000574,O00334,PR026,2.0,0.0
OI000575,O00334,PR023,4.0,0.2
OI000576,O00334,PR079,4.0,0.15
OI000577,O00335,PR059,2.0,0.05
OI000578,O00336,PR006,5.0,0.15
OI000579,O00337,PR041,4.0,0.1
OI000580,O00337,PR074,5.0,0.1
OI000581,O00337,PR068,1.0,0.1
OI000582,O00338,PR059,1.0,0.0
OI000583,O00339,PR051,1.0,0.1
OI000584,O00339,PR050,5.0,0.2
OI000585,O00340,PR007,2.0,0.0
OI000586,O00340,PR057,4.0,0.0
OI000587,O00341,PR037,4.0,0.0
OI000588,O00341,PR055,3.0,0.1
OI000589,O00342,PR067,2.0,0.05
OI000590,O00342,PR058,1.0,0.15
OI000591,O00342,PR065,1.0,0.0
OI000592,O00343,PR070,2.0,0.05
OI000593,O00343,PR053,3.0,0.05
OI000594,O00344,PR059,5.0,0.15
OI000595,O00345,PR059,1.0,0.0
OI000596,O00345,PR042,2.0,0.15
OI000597,O00345,PR016,1.0,0.0
OI000598,O00346,PR047,1.0,0.1
OI000599,O00346,PR050,5.0,0.1
OI000600,O00347,PR049,,0.05
OI000601,O00347,PR006,2.0,0.0
OI000602,O00347,PR073,2.0,0.0
OI000603,O00348,PR023,1.0,0.05
OI000604,O00348,PR040,3.0,0.15
OI000605,O00348,PR058,3.0,0.15
OI000606,O00349,PR017,2.0,0.0
OI000607,O00350,PR033,1.0,0.05
OI000608,O00350,PR064,4.0,0.1
OI000609,O00351,PR078,4.0,0.0
OI000610,O00351,PR028,5.0,0.15
OI000611,O00351,PR061,4.0,0.05
OI000612,O00352,PR077,5.0,0.0
OI000613,O00353,PR071,3.0,0.1
OI000614,O00354,PR027,1.0,0.0
OI000615,O00354,PR019,1.0,0.15
OI000616,O00355,PR019,1.0,0.15
OI000617,O00356,PR078,3.0,0.0
OI000618,O00356,PR012,1.0,0.0
OI000619,O00357,PR023,2.0,0.15
OI000620,O00358,PR077,5.0,0.2
OI000621,O00359,PR059,5.0,0.0
OI000622,O00359,PR005,1.0,0.2
OI000623,O00360,PR048,4.0,0.2
OI000624,O00361,PR055,5.0,0.0
OI000625,O00362,PR018,1.0,0.15
OI000626,O00363,PR043,5.0,0.05
OI000627,O00363,PR068,2.0,0.15
OI000628,O00363,PR027,5.0,0.0
OI000629,O00364,PR005,5.0,0.0
OI000630,O00365,PR078,3.0,0.05
OI000631,O00366,PR041,3.0,0.1
OI000632,O00366,PR074,5.0,0.0
OI000633,O00367,PR079,5.0,0.05
OI000634,O00367,PR067,4.0,0.05
OI000635,O00367,PR024,5.0,0.0
OI000636,O00368,PR025,1.0,0.0
OI000637,O00368,PR004,4.0,0.15
OI000638,O00369,PR027,5.0,0.05
OI000639,O00369,PR053,1.0,0.0
OI000640,O00370,PR028,1.0,0.15
OI000641,O00371,PR037,3.0,0.2
OI000642,O00372,PR039,5.0,0.1
OI000643,O00373,PR001,1.0,0.15
OI000644,O00374,PR051,5.0,0.1
OI000645,O00375,PR023,2.0,0.0
OI000646,O00375,PR044,4.0,0.05
OI000647,O00375,PR005,2.0,0.05
OI000648,O00375,PR020,4.0,0.2
OI000649,O00376,PR043,4.0,0.2
OI000650,O00376,PR053,,0.2
OI000651,O00377,PR073,3.0,0.1
OI000652,O00377,PR069,1.0,0.0
OI000653,O00378,PR043,3.0,0.0
OI000654,O00378,PR020,3.0,0.2
OI000655,O00379,PR049,5.0,0.2
OI000656,O00380,PR078,4.0,0.0
OI000657,O00381,PR040,3.0,0.15
OI000658,O00381,PR005,3.0,0.05
OI000659,O00382,PR031,3.0,0.05
OI000660,O00383,PR039,2.0,0.1
OI000661,O00383,PR039,2.0,0.0
OI000662,O00383,PR048,1.0,0.2
OI000663,O00384,PR012,4.0,0.1
OI000664,O00385,PR062,5.0,0.0
OI000665,O00386,PR062,5.0,0.0
OI000666,O00387,PR019,1.0,0.2
OI000667,O00387,PR067,2.0,0.0
OI000668,O00388,PR059,4.0,0.15
OI000669,O00388,PR067,1.0,0.0
OI000670,O00389,PR006,5.0,0.2
OI000671,O00390,PR060,1.0,0.0
OI000672,O00391,PR040,1.0,0.1
OI000673,O00391,PR040,2.0,0.0
OI000674,O00392,PR037,3.0,0.1
OI000675,O00393,PR057,1.0,0.0
OI000676,O00394,PR036,1.0,0.0
OI000677,O00395,PR072,5.0,0.0
OI000678,O00395,PR027,5.0,0.0
OI000679,O00395,PR071,3.0,0.0
OI000680,O00395,PR019,3.0,0.1
OI000681,O00396,PR010,3.0,0.1
OI000682,O00397,PR070,4.0,0.0
OI000683,O00397,PR017,1.0,0.05
OI000684,O00397,PR007,1.0,0.05
OI000685,O00398,PR055,4.0,0.0
OI000686,O00399,PR076,4.0,0.1
OI000687,O00399,PR046,3.0,0.0
OI000688,O00400,PR069,1.0,0.2
OI000689,O00400,PR060,5.0,0.0
OI000690,O00400,PR012,4.0,0.0
OI000691,O00401,PR060,4.0,0.0
OI000692,O00402,PR019,5.0,0.0
OI000693,O00402,PR047,4.0,0.0
OI000694,O00402,PR043,3.0,0.05
OI000695,O00403,PR009,4.0,0.0
OI000696,O00404,PR060,2.0,0.0
OI000697,O00405,PR078,5.0,0.0
OI000698,O00405,PR066,1.0,0.05
OI000699,O00406,PR014,3.0,0.1
OI000700,O00406,PR010,,0.1
OI000701,O00406,PR060,4.0,0.1
OI000702,O00407,PR080,2.0,0.1
OI000703,O00408,PR062,4.0,0.0
OI000704,O00409,PR076,4.0,0.2
OI000705,O00410,PR073,3.0,0.1
OI000706,O00410,PR031,2.0,0.15
OI000707,O00410,PR010,5.0,0.2
OI000708,O00410,PR063,1.0,0.1
OI000709,O00411,PR042,5.0,0.0
OI000710,O00411,PR057,2.0,0.0
OI000711,O00412,PR009,5.0,0.0
OI000712,O00412,PR077,4.0,0.0
OI000713,O00412,PR064,1.0,0.0
OI000714,O00412,PR028,2.0,0.1
OI000715,O00413,PR001,2.0,0.15
OI000716,O00413,PR020,4.0,0.1
OI000717,O00413,PR038,4.0,0.1
OI000718,O00414,PR026,2.0,0.15
OI000719,O00414,PR041,3.0,0.1
OI000720,O00415,PR039,4.0,0.15
OI000721,O00415,PR045,1.0,0.1
OI000722,O00416,PR066,4.0,0.2
OI000723,O00417,PR038,1.0,0.0
OI000724,O00418,PR007,1.0,0.15
OI000725,O00418,PR072,3.0,0.0
OI000726,O00418,PR037,1.0,0.0
OI000727,O00419,PR076,4.0,0.15
OI000728,O00420,PR049,4.0,0.05
OI000729,O00421,PR028,2.0,0.05
OI000730,O00422,PR072,4.0,0.2
OI000731,O00423,PR054,2.0,0.0
OI000732,O00423,PR017,2.0,0.0
OI000733,O00423,PR010,1.0,0.0
OI000734,O00424,PR063,4.0,0.0
OI000735,O00424,PR011,2.0,0.15
OI000736,O00425,PR059,5.0,0.05
OI000737,O00425,PR080,2.0,0.05
OI000738,O00425,PR066,4.0,0.1
OI000739,O00426,PR050,3.0,0.0
OI000740,O00426,PR024,4.0,0.1
OI000741,O00426,PR001,5.0,0.05
OI000742,O00427,PR031,5.0,0.0
OI000743,O00427,PR053,5.0,0.1
OI000744,O00427,PR047,1.0,0.0
OI000745,O00428,PR048,1.0,0.1
OI000746,O00428,PR062,1.0,0.0
OI000747,O00429,PR068,3.0,0.05
OI000748,O00429,PR067,1.0,0.1
OI000749,O00430,PR012,2.0,0.05
OI000750,O00430,PR005,,0.15
OI000751,O00430,PR070,5.0,0.0
OI000752,O00431,PR044,5.0,0.2
OI000753,O00431,PR002,4.0,0.05
OI000754,O00432,PR061,5.0,0.15
OI000755,O00432,PR043,4.0,0.0
OI000756,O00433,PR038,3.0,0.0
OI000757,O00433,PR005,5.0,0.15
OI000758,O00433,PR039,5.0,0.0
OI000759,O00433,PR008,4.0,0.1
OI000760,O00434,PR007,3.0,0.2
OI000761,O00435,PR004,3.0,0.05
OI000762,O00435,PR011,2.0,0.1
OI000763,O00436,PR036,3.0,0.0
OI000764,O00437,PR036,3.0,0.0
OI000765,O00437,PR015,5.0,0.0
OI000766,O00438,PR020,4.0,0.0
OI000767,O00438,PR023,3.0,0.2
OI000768,O00438,PR031,4.0,0.0
OI000769,O00439,PR005,3.0,0.0
OI000770,O00439,PR019,5.0,0.2
OI000771,O00440,PR064,4.0,0.2
OI000772,O00441,PR057,2.0,0.0
OI000773,O00442,PR045,1.0,0.15
OI000774,O00442,PR034,1.0,0.0
OI000775,O00443,PR052,4.0,0.0
OI000776,O00444,PR069,2.0,0.05
OI000777,O00445,PR050,4.0,0.0
OI000778,O00445,PR019,5.0,0.2
OI000779,O00446,PR037,4.0,0.05
OI000780,O00447,PR068,1.0,0.0
OI000781,O00447,PR069,3.0,0.2
OI000782,O00448,PR035,3.0,0.0
OI000783,O00449,PR013,3.0,0.15
OI000784,O00450,PR060,2.0,0.15
OI000785,O00450,PR076,2.0,0.1
OI000786,O00451,PR024,3.0,0.1
OI000787,O00452,PR002,1.0,0.0
OI000788,O00453,PR068,1.0,0.15
OI000789,O00454,PR029,3.0,0.0
OI000790,O00455,PR004,5.0,0.0
OI000791,O00456,PR077,2.0,0.1
OI000792,O00457,PR016,1.0,0.2
OI000793,O00457,PR078,2.0,0.05
OI000794,O00458,PR073,2.0,0.0
OI000795,O00458,PR024,3.0,0.0
OI000796,O00459,PR010,4.0,0.0
OI000797,O00460,PR042,3.0,0.0
OI000798,O00460,PR010,3.0,0.2
OI000799,O00461,PR050,3.0,0.0
OI000800,O00462,PR034,,0.05
OI000801,O00463,PR026,5.0,0.05
OI000802,O00464,PR063,1.0,0.0
OI000803,O00465,PR056,2.0,0.1
OI000804,O00465,PR014,4.0,0.15
OI000805,O00466,PR005,1.0,0.0
OI000806,O00467,PR033,4.0,0.0
OI000807,O00467,PR064,2.0,0.15
OI000808,O00468,PR005,4.0,0.0
OI000809,O00468,PR020,3.0,0.05
OI000810,O00469,PR066,4.0,0.05
OI000811,O00469,PR056,4.0,0.2
OI000812,O00470,PR009,5.0,0.0
OI000813,O00470,PR001,4.0,0.15
OI000814,O00471,PR062,1.0,0.1
OI000815,O00471,PR069,3.0,0.0
OI000816,O00471,PR039,4.0,0.0
OI000817,O00472,PR012,3.0,0.1
OI000818,O00472,PR044,1.0,0.2
OI000819,O00473,PR038,2.0,0.0
OI000820,O00474,PR050,2.0,0.0
OI000821,O00474,PR050,1.0,0.15
OI000822,O00475,PR063,1.0,0.15
OI000823,O00475,PR057,2.0,0.0
OI000824,O00476,PR004,5.0,0.0
OI000825,O00477,PR009,5.0,0.15
OI000826,O00478,PR069,4.0,0.0
OI000827,O00479,PR008,3.0,0.2
OI000828,O00480,PR052,1.0,0.0
OI000829,O00480,PR067,4.0,0.15
OI000830,O00481,PR069,2.0,0.15
OI000831,O00481,PR075,2.0,0.0
OI000832,O00481,PR005,2.0,0.05
OI000833,O00482,PR061,5.0,0.0
OI000834,O00482,PR032,2.0,0.0
OI000835,O00483,PR007,3.0,0.2
OI000836,O00484,PR059,5.0,0.0
OI000837,O00484,PR076,1.0,0.2
OI000838,O00485,PR015,4.0,0.1
OI000839,O00485,PR079,2.0,0.0
OI000840,O00485,PR026,4.0,0.0
OI000841,O00486,PR052,3.0,0.0
OI000842,O00486,PR074,5.0,0.0
OI000843,O00486,PR042,2.0,0.2
OI000844,O00487,PR023,3.0,0.0
OI000845,O00488,PR019,4.0,0.0
OI000846,O00489,PR071,2.0,0.05
OI000847,O00489,PR032,5.0,0.0
OI000848,O00490,PR005,5.0,0.05
OI000849,O00491,PR003,4.0,0.0
OI000850,O00491,PR001,,0.0
OI000851,O00492,PR076,3.0,0.05
OI000852,O00492,PR061,2.0,0.0
OI000853,O00492,PR019,3.0,0.1
OI000854,O00493,PR031,2.0,0.1
OI000855,O00494,PR077,2.0,0.15
OI000856,O00494,PR064,5.0,0.0
OI000857,O00495,PR039,3.0,0.05
OI000858,O00495,PR001,5.0,0.0
OI000859,O00496,PR068,1.0,0.1
OI000860,O00497,PR070,5.0,0.0
OI000861,O00498,PR005,2.0,0.0
OI000862,O00499,PR015,2.0,0.15
OI000863,O00500,PR061,4.0,0.0
OI000864,O00500,PR021,1.0,0.0
OI000865,O00500,PR047,3.0,0.0
OI000866,O00501,PR043,5.0,0.2
OI000867,O00502,PR059,1.0,0.0
OI000868,O00502,PR007,5.0,0.0
OI000869,O00502,PR021,1.0,0.05
OI000870,O00503,PR010,2.0,0.15
OI000871,O00503,PR057,5.0,0.1
OI000872,O00504,PR026,3.0,0.0
OI000873,O00505,PR042,2.0,0.0
OI000874,O00505,PR031,4.0,0.2
OI000875,O00506,PR029,1.0,0.05
OI000876,O00507,PR007,4.0,0.0
OI000877,O00507,PR028,5.0,0.05
OI000878,O00508,PR048,2.0,0.05
OI000879,O00509,PR005,3.0,0.0
OI000880,O00509,PR026,3.0,0.0
OI000881,O00510,PR073,1.0,0.0
OI000882,O00511,PR060,4.0,0.05
OI000883,O00512,PR044,2.0,0.0
OI000884,O00513,PR079,2.0,0.1
OI000885,O00513,PR071,2.0,0.0
OI000886,O00514,PR067,4.0,0.2
OI000887,O00515,PR076,4.0,0.2
OI000888,O00515,PR060,3.0,0.0
OI000889,O00515,PR055,2.0,0.0
OI000890,O00515,PR042,4.0,0.1
OI000891,O00516,PR076,2.0,0.1
OI000892,O00517,PR054,1.0,0.0
OI000893,O00517,PR061,5.0,0.0
OI000894,O00517,PR055,5.0,0.05
OI000895,O00518,PR013,4.0,0.05
OI000896,O00519,PR072,1.0,0.15
OI000897,O00520,PR028,2.0,0.0
OI000898,O00520,PR038,2.0,0.15
OI000899,O00521,PR003,4.0,0.15
OI000900,O00521,PR040,,0.15
OI000901,O00521,PR059,5.0,0.15
OI000902,O00521,PR075,1.0,0.05
OI000903,O00522,PR018,4.0,0.0
OI000904,O00523,PR048,4.0,0.15
OI000905,O00523,PR001,1.0,0.05
OI000906,O00524,PR043,5.0,0.0
OI000907,O00524,PR038,4.0,0.2
OI000908,O00524,PR035,5.0,0.1
OI000909,O00525,PR027,1.0,0.1
OI000910,O00525,PR043,1.0,0.1
OI000911,O00526,PR047,1.0,0.0
OI000912,O00526,PR050,3.0,0.05
OI000913,O00526,PR080,1.0,0.0
OI000914,O00527,PR072,1.0,0.1
OI000915,O00528,PR027,2.0,0.0
OI000916,O00528,PR031,5.0,0.0
OI000917,O00529,PR075,2.0,0.2
OI000918,O00529,PR029,3.0,0.0
OI000919,O00530,PR065,4.0,0.0
OI000920,O00530,PR007,1.0,0.0
OI000921,O00530,PR045,4.0,0.05
OI000922,O00531,PR016,4.0,0.15
OI000923,O00531,PR069,5.0,0.0
OI000924,O00532,PR048,1.0,0.0
OI000925,O00533,PR059,1.0,0.0
OI000926,O00533,PR051,2.0,0.0
OI000927,O00533,PR010,1.0,0.0
OI000928,O00534,PR019,4.0,0.0
OI000929,O00535,PR067,1.0,0.0
OI000930,O00535,PR054,5.0,0.0
OI000931,O00535,PR061,3.0,0.05
OI000932,O00536,PR003,3.0,0.0
OI000933,O00537,PR030,5.0,0.15
OI000934,O00538,PR075,3.0,0.15
OI000935,O00539,PR042,4.0,0.1
OI000936,O00539,PR068,5.0,0.05
OI000937,O00540,PR073,2.0,0.2
OI000938,O00541,PR034,2.0,0.05
OI000939,O00542,PR037,1.0,0.0
OI000940,O00543,PR059,2.0,0.1
OI000941,O00544,PR069,3.0,0.0
OI000942,O00544,PR023,2.0,0.0
OI000943,O00544,PR031,1.0,0.0
OI000944,O00545,PR074,2.0,0.05
OI000945,O00545,PR034,3.0,0.0
OI000946,O00545,PR027,5.0,0.15
OI000947,O00545,PR005,3.0,0.0
OI000948,O00546,PR058,5.0,0.0
OI000949,O00547,PR016,1.0,0.05
OI000950,O00547,PR064,,0.05
OI000951,O00548,PR020,1.0,0.15
OI000952,O00548,PR070,5.0,0.0
OI000953,O00548,PR038,4.0,0.0
OI000954,O00549,PR074,2.0,0.2
OI000955,O00549,PR073,4.0,0.0
OI000956,O00549,PR015,4.0,0.0
OI000957,O00549,PR018,5.0,0.0
OI000958,O00550,PR052,5.0,0.2
OI000959,O00551,PR046,1.0,0.0
OI000960,O00552,PR025,5.0,0.1
OI000961,O00553,PR036,2.0,0.0
OI000962,O00554,PR058,1.0,0.1
OI000963,O00555,PR063,3.0,0.1
OI000964,O00556,PR008,3.0,0.05
OI000965,O00556,PR019,4.0,0.0
OI000966,O00557,PR002,3.0,0.0
OI000967,O00558,PR058,5.0,0.0
OI000968,O00559,PR057,4.0,0.2
OI000969,O00560,PR021,4.0,0.15
OI000970,O00561,PR018,5.0,0.1
OI000971,O00561,PR012,2.0,0.0
OI000972,O00561,PR039,4.0,0.2
OI000973,O00562,PR043,1.0,0.1
OI000974,O00562,PR049,1.0,0.0
OI000975,O00563,PR035,4.0,0.0
OI000976,O00564,PR073,2.0,0.0
OI000977,O00564,PR024,4.0,0.0
OI000978,O00565,PR006,3.0,0.2
OI000979,O00565,PR075,3.0,0.05
OI000980,O00566,PR060,2.0,0.0
OI000981,O00566,PR001,2.0,0.0
OI000982,O00567,PR061,1.0,0.15
OI000983,O00568,PR037,4.0,0.0
OI000984,O00568,PR063,2.0,0.0
OI000985,O00569,PR036,4.0,0.0
OI000986,O00570,PR047,5.0,0.05
OI000987,O00570,PR073,4.0,0.2
OI000988,O00571,PR061,1.0,0.0
OI000989,O00572,PR074,1.0,0.2
OI000990,O00572,PR034,2.0,0.1
OI000991,O00573,PR041,4.0,0.15
OI000992,O00574,PR021,1.0,0.0
OI000993,O00575,PR046,1.0,0.0
OI000994,O00576,PR010,5.0,0.0
OI000995,O00577,PR024,1.0,0.1
OI000996,O00577,PR022,5.0,0.0
OI000997,O00578,PR039,3.0,0.15
OI000998,O00578,PR047,1.0,0.1
OI000999,O00578,PR075,3.0,0.2
OI001000,O00579,PR018,,0.0
OI001001,O00580,PR063,4.0,0.0
OI001002,O00581,PR021,1.0,0.0
OI001003,O00581,PR020,5.0,0.0
OI001004,O00581,PR025,5.0,0.1
OI001005,O00582,PR068,5.0,0.15
OI001006,O00582,PR071,1.0,0.05
OI001007,O00583,PR010,1.0,0.2
OI001008,O00584,PR003,4.0,0.0
OI001009,O00585,PR047,2.0,0.2
OI001010,O00586,PR077,5.0,0.2
OI001011,O00587,PR023,3.0,0.0
OI001012,O00587,PR016,2.0,0.0
OI001013,O00587,PR019,2.0,0.0
OI001014,O00587,PR017,2.0,0.0
OI001015,O00588,PR055,1.0,0.0
OI001016,O00588,PR003,4.0,0.2
OI001017,O00588,PR056,1.0,0.0
OI001018,O00588,PR014,1.0,0.2
OI001019,O00589,PR076,1.0,0.05
OI001020,O00589,PR016,3.0,0.0
OI001021,O00590,PR002,1.0,0.2
OI001022,O00591,PR078,2.0,0.1
OI001023,O00592,PR024,3.0,0.0
OI001024,O00592,PR012,2.0,0.2
OI001025,O00592,PR036,5.0,0.0
OI001026,O00593,PR065,5.0,0.0
OI001027,O00594,PR009,1.0,0.2
OI001028,O00594,PR075,1.0,0.1
OI001029,O00595,PR025,3.0,0.0
OI001030,O00596,PR069,1.0,0.15
OI001031,O00596,PR013,2.0,0.1
OI001032,O00596,PR061,3.0,0.15
OI001033,O00597,PR057,1.0,0.0
OI001034,O00597,PR046,4.0,0.05
OI001035,O00598,PR030,4.0,0.0
OI001036,O00599,PR041,1.0,0.05
OI001037,O00599,PR015,5.0,0.0
OI001038,O00600,PR047,3.0,0.1
OI001039,O00601,PR011,3.0,0.05
OI001040,O00601,PR015,4.0,0.0
OI001041,O00602,PR040,4.0,0.0
OI001042,O00603,PR038,4.0,0.0
OI001043,O00603,PR009,4.0,0.15
OI001044,O00604,PR002,4.0,0.15
OI001045,O00605,PR057,5.0,0.15
OI001046,O00606,PR016,2.0,0.05
OI001047,O00606,PR052,5.0,0.0
OI001048,O00607,PR022,1.0,0.0
OI001049,O00607,PR026,3.0,0.0
OI001050,O00608,PR052,,0.0
OI001051,O00608,PR055,4.0,0.0
OI001052,O00609,PR075,5.0,0.0
OI001053,O00609,PR052,3.0,0.05
OI001054,O00610,PR052,4.0,0.1
OI001055,O00610,PR036,2.0,0.2
OI001056,O00611,PR016,3.0,0.05
OI001057,O00612,PR005,2.0,0.0
OI001058,O00613,PR007,1.0,0.05
OI001059,O00614,PR023,4.0,0.1
OI001060,O00614,PR042,2.0,0.0
OI001061,O00615,PR013,1.0,0.15
OI001062,O00615,PR067,4.0,0.2
OI001063,O00616,PR038,4.0,0.05
OI001064,O00617,PR070,3.0,0.2
OI001065,O00617,PR070,5.0,0.0
OI001066,O00618,PR005,4.0,0.0
OI001067,O00618,PR050,4.0,0.0
OI001068,O00618,PR049,4.0,0.05
OI001069,O00618,PR005,1.0,0.0
OI001070,O00619,PR039,2.0,0.05
OI001071,O00619,PR056,2.0,0.0
OI001072,O00620,PR063,1.0,0.1
OI001073,O00620,PR063,5.0,0.15
OI001074,O00621,PR061,4.0,0.1
OI001075,O00621,PR021,5.0,0.0
OI001076,O00622,PR064,5.0,0.05
OI001077,O00623,PR046,3.0,0.0
OI001078,O00623,PR008,1.0,0.1
OI001079,O00624,PR047,3.0,0.2
OI001080,O00625,PR004,3.0,0.05
OI001081,O00625,PR013,4.0,0.0
OI001082,O00626,PR053,3.0,0.0
OI001083,O00626,PR032,2.0,0.0
OI001084,O00626,PR040,5.0,0.0
OI001085,O00626,PR009,3.0,0.0
OI001086,O00627,PR003,5.0,0.0
OI001087,O00628,PR055,5.0,0.1
OI001088,O00629,PR035,1.0,0.15
OI001089,O00629,PR061,5.0,0.0
OI001090,O00629,PR041,4.0,0.1
OI001091,O00630,PR074,1.0,0.2
OI001092,O00631,PR027,3.0,0.05
OI001093,O00632,PR044,2.0,0.1
OI001094,O00632,PR039,3.0,0.05
OI001095,O00633,PR010,5.0,0.0
OI001096,O00634,PR007,3.0,0.1
OI001097,O00635,PR029,5.0,0.15
OI001098,O00636,PR075,1.0,0.1
OI001099,O00636,PR044,3.0,0.0
OI001100,O00636,PR073,,0.05
OI001101,O00636,PR055,2.0,0.0
OI001102,O00637,PR039,5.0,0.2
OI001103,O00637,PR039,4.0,0.15
OI001104,O00638,PR026,4.0,0.05
OI001105,O00638,PR033,5.0,0.1
OI001106,O00639,PR071,2.0,0.0
OI001107,O00640,PR067,2.0,0.1
OI001108,O00640,PR064,2.0,0.15
OI001109,O00641,PR060,3.0,0.15
OI001110,O00641,PR069,5.0,0.2
OI001111,O00641,PR056,5.0,0.15
OI001112,O00641,PR005,1.0,0.1
OI001113,O00642,PR060,2.0,0.0
OI001114,O00643,PR039,4.0,0.05
OI001115,O00644,PR009,2.0,0.2
OI001116,O00645,PR037,2.0,0.0
OI001117,O00646,PR031,4.0,0.0
OI001118,O00646,PR015,2.0,0.0
OI001119,O00647,PR040,4.0,0.05
OI001120,O00648,PR056,4.0,0.15
OI001121,O00648,PR005,2.0,0.0
OI001122,O00649,PR004,3.0,0.2
OI001123,O00650,PR071,2.0,0.15
OI001124,O00650,PR006,4.0,0.2
OI001125,O00650,PR003,1.0,0.2
OI001126,O00651,PR041,5.0,0.0
OI001127,O00651,PR009,4.0,0.0
OI001128,O00651,PR012,4.0,0.2
OI001129,O00652,PR018,2.0,0.0
OI001130,O00652,PR074,5.0,0.0
OI001131,O00653,PR075,5.0,0.0
OI001132,O00653,PR064,1.0,0.0
OI001133,O00654,PR041,3.0,0.2
OI001134,O00654,PR075,4.0,0.2
OI001135,O00655,PR031,4.0,0.0
OI001136,O00655,PR019,1.0,0.0
OI001137,O00656,PR036,4.0,0.05
OI001138,O00657,PR076,1.0,0.05
OI001139,O00658,PR015,3.0,0.1
OI001140,O00658,PR055,4.0,0.15
OI001141,O00659,PR036,2.0,0.0
OI001142,O00660,PR048,3.0,0.0
OI001143,O00661,PR078,1.0,0.2
OI001144,O00661,PR007,2.0,0.0
OI001145,O00662,PR040,3.0,0.2
OI001146,O00662,PR016,5.0,0.2
OI001147,O00663,PR057,4.0,0.0
OI001148,O00664,PR051,3.0,0.0
OI001149,O00664,PR012,2.0,0.0
OI001150,O00664,PR027,,0.05
OI001151,O00665,PR053,1.0,0.0
OI001152,O00665,PR011,4.0,0.05
OI001153,O00666,PR043,4.0,0.2
OI001154,O00666,PR013,2.0,0.15
OI001155,O00667,PR009,3.0,0.05
OI001156,O00668,PR071,3.0,0.05
OI001157,O00668,PR004,1.0,0.15
OI001158,O00669,PR005,4.0,0.2
OI001159,O00669,PR018,1.0,0.05
OI001160,O00670,PR040,3.0,0.1
OI001161,O00671,PR021,2.0,0.1
OI001162,O00672,PR017,5.0,0.15
OI001163,O00672,PR053,3.0,0.05
OI001164,O00673,PR018,3.0,0.0
OI001165,O00674,PR042,3.0,0.0
OI001166,O00674,PR011,4.0,0.0
OI001167,O00675,PR049,5.0,0.0
OI001168,O00676,PR003,5.0,0.15
OI001169,O00677,PR030,1.0,0.05
OI001170,O00677,PR026,3.0,0.15
OI001171,O00678,PR007,4.0,0.1
OI001172,O00678,PR055,5.0,0.0
OI001173,O00678,PR020,1.0,0.0
OI001174,O00679,PR073,1.0,0.0
OI001175,O00680,PR056,4.0,0.2
OI001176,O00680,PR064,1.0,0.0
OI001177,O00681,PR025,3.0,0.0
OI001178,O00681,PR064,4.0,0.0
OI001179,O00682,PR027,5.0,0.0
OI001180,O00683,PR037,2.0,0.05
OI001181,O00683,PR024,4.0,0.2
OI001182,O00683,PR019,1.0,0.0
OI001183,O00683,PR034,2.0,0.1
OI001184,O00684,PR032,3.0,0.1
OI001185,O00685,PR059,1.0,0.0
OI001186,O00685,PR061,2.0,0.2
OI001187,O00686,PR051,2.0,0.15
OI001188,O00687,PR055,5.0,0.0
OI001189,O00688,PR072,1.0,0.0
OI001190,O00689,PR031,4.0,0.0
OI001191,O00690,PR077,1.0,0.0
OI001192,O00690,PR033,5.0,0.1
OI001193,O00690,PR049,3.0,0.05
OI001194,O00690,PR048,2.0,0.1
OI001195,O00691,PR023,3.0,0.0
OI001196,O00692,PR044,4.0,0.0
OI001197,O00692,PR012,3.0,0.15
OI001198,O00693,PR019,3.0,0.0
OI001199,O00693,PR041,1.0,0.0
OI001200,O00694,PR036,,0.05
OI001201,O00695,PR034,5.0,0.2
OI001202,O00696,PR034,5.0,0.0
OI001203,O00696,PR056,2.0,0.0
OI001204,O00697,PR063,2.0,0.1
OI001205,O00697,PR057,1.0,0.0
OI001206,O00698,PR030,2.0,0.0
OI001207,O00699,PR021,4.0,0.05
OI001208,O00700,PR064,1.0,0.05
OI001209,O00701,PR072,4.0,0.05
OI001210,O00702,PR019,1.0,0.0
OI001211,O00703,PR037,2.0,0.2
OI001212,O00704,PR066,3.0,0.1
OI001213,O00705,PR075,2.0,0.1
OI001214,O00705,PR001,5.0,0.2
OI001215,O00705,PR074,2.0,0.05
OI001216,O00706,PR032,4.0,0.15
OI001217,O00706,PR013,3.0,0.0
OI001218,O00706,PR037,1.0,0.05
OI001219,O00707,PR014,3.0,0.0
OI001220,O00708,PR059,4.0,0.05
OI001221,O00709,PR035,5.0,0.15
OI001222,O00709,PR001,3.0,0.0
OI001223,O00710,PR058,3.0,0.15
OI001224,O00710,PR073,2.0,0.0
OI001225,O00711,PR037,3.0,0.2
OI001226,O00711,PR008,1.0,0.1
OI001227,O00711,PR078,4.0,0.0
OI001228,O00712,PR023,2.0,0.2
OI001229,O00713,PR012,1.0,0.2
OI001230,O00713,PR027,2.0,0.05
OI001231,O00713,PR052,3.0,0.15
OI001232,O00714,PR020,1.0,0.0
OI001233,O00714,PR063,4.0,0.15
OI001234,O00715,PR040,5.0,0.0
OI001235,O00715,PR046,1.0,0.2
OI001236,O00715,PR048,5.0,0.0
OI001237,O00716,PR050,4.0,0.0
OI001238,O00717,PR055,1.0,0.2
OI001239,O00717,PR055,3.0,0.1
OI001240,O00718,PR005,4.0,0.0
OI001241,O00719,PR044,4.0,0.15
OI001242,O00720,PR020,4.0,0.1
OI001243,O00721,PR068,1.0,0.0
OI001244,O00721,PR060,4.0,0.0
OI001245,O00722,PR062,3.0,0.0
OI001246,O00722,PR017,3.0,0.2
OI001247,O00722,PR032,5.0,0.05
OI001248,O00723,PR007,5.0,0.0
OI001249,O00724,PR066,1.0,0.1
OI001250,O00724,PR055,,0.0
OI001251,O00724,PR060,5.0,0.2
OI001252,O00725,PR033,5.0,0.0
OI001253,O00726,PR003,1.0,0.15
OI001254,O00726,PR060,2.0,0.2
OI001255,O00727,PR051,1.0,0.0
OI001256,O00728,PR039,3.0,0.1
OI001257,O00729,PR058,5.0,0.2
OI001258,O00729,PR034,3.0,0.2
OI001259,O00730,PR028,2.0,0.0
OI001260,O00730,PR078,3.0,0.2
OI001261,O00730,PR014,4.0,0.1
OI001262,O00731,PR051,1.0,0.0
OI001263,O00732,PR062,4.0,0.15
OI001264,O00733,PR078,4.0,0.0
OI001265,O00734,PR079,3.0,0.15
OI001266,O00734,PR051,3.0,0.0
OI001267,O00735,PR002,2.0,0.0
OI001268,O00736,PR025,1.0,0.0
OI001269,O00736,PR062,2.0,0.15
OI001270,O00736,PR031,4.0,0.2
OI001271,O00737,PR069,2.0,0.0
OI001272,O00737,PR039,4.0,0.0
OI001273,O00738,PR003,1.0,0.0
OI001274,O00739,PR057,4.0,0.05
OI001275,O00739,PR003,4.0,0.1
OI001276,O00739,PR032,2.0,0.0
OI001277,O00740,PR051,1.0,0.0
OI001278,O00740,PR002,1.0,0.15
OI001279,O00741,PR056,4.0,0.2
OI001280,O00741,PR064,5.0,0.1
OI001281,O00741,PR071,3.0,0.0
OI001282,O00742,PR063,5.0,0.1
OI001283,O00743,PR063,2.0,0.15
OI001284,O00743,PR008,5.0,0.0
OI001285,O00744,PR041,5.0,0.0
OI001286,O00745,PR054,4.0,0.0
OI001287,O00746,PR045,4.0,0.15
OI001288,O00747,PR021,3.0,0.15
OI001289,O00748,PR045,4.0,0.0
OI001290,O00749,PR076,3.0,0.1
OI001291,O00749,PR060,2.0,0.0
OI001292,O00750,PR050,4.0,0.2
OI001293,O00750,PR047,4.0,0.2
OI001294,O00751,PR021,5.0,0.0
OI001295,O00751,PR037,1.0,0.15
OI001296,O00751,PR062,2.0,0.0
OI001297,O00751,PR026,2.0,0.1
OI001298,O00752,PR054,4.0,0.0
OI001299,O00753,PR072,1.0,0.0
OI001300,O00754,PR034,,0.15
OI001301,O00755,PR065,1.0,0.2
OI001302,O00756,PR056,1.0,0.1
OI001303,O00757,PR072,2.0,0.05
OI001304,O00758,PR044,3.0,0.2
OI001305,O00759,PR072,3.0,0.0
OI001306,O00760,PR066,5.0,0.15
OI001307,O00760,PR014,1.0,0.05
OI001308,O00760,PR059,1.0,0.0
OI001309,O00761,PR079,1.0,0.2
OI001310,O00761,PR072,1.0,0.1
OI001311,O00762,PR005,1.0,0.2
OI001312,O00763,PR047,2.0,0.15
OI001313,O00764,PR057,5.0,0.05
OI001314,O00765,PR013,2.0,0.15
OI001315,O00765,PR047,3.0,0.2
OI001316,O00766,PR026,4.0,0.05
OI001317,O00767,PR001,2.0,0.2
OI001318,O00767,PR061,3.0,0.0
OI001319,O00768,PR011,3.0,0.0
OI001320,O00768,PR054,3.0,0.15
OI001321,O00769,PR020,5.0,0.05
OI001322,O00769,PR030,2.0,0.2
OI001323,O00770,PR053,4.0,0.2
OI001324,O00771,PR047,1.0,0.05
OI001325,O00771,PR019,1.0,0.15
OI001326,O00772,PR009,1.0,0.0
OI001327,O00772,PR041,4.0,0.2
OI001328,O00772,PR022,4.0,0.0
OI001329,O00773,PR005,2.0,0.1
OI001330,O00774,PR005,5.0,0.0
OI001331,O00775,PR071,3.0,0.15
OI001332,O00776,PR045,1.0,0.2
OI001333,O00776,PR036,5.0,0.1
OI001334,O00777,PR052,4.0,0.15
OI001335,O00777,PR027,5.0,0.1
OI001336,O00777,PR080,4.0,0.15
OI001337,O00778,PR052,2.0,0.0
OI001338,O00779,PR069,3.0,0.05
OI001339,O00780,PR017,5.0,0.1
OI001340,O00780,PR037,2.0,0.0
OI001341,O00781,PR040,5.0,0.0
OI001342,O00781,PR021,1.0,0.0
OI001343,O00782,PR070,5.0,0.0
OI001344,O00782,PR031,3.0,0.15
OI001345,O00782,PR055,5.0,0.0
OI001346,O00783,PR048,3.0,0.15
OI001347,O00783,PR065,3.0,0.0
OI001348,O00784,PR016,4.0,0.0
OI001349,O00785,PR001,4.0,0.0
OI001350,O00785,PR031,,0.1
OI001351,O00786,PR005,5.0,0.2
OI001352,O00786,PR077,2.0,0.0
OI001353,O00787,PR074,2.0,0.15
OI001354,O00788,PR032,1.0,0.0
OI001355,O00789,PR025,3.0,0.05
OI001356,O00789,PR013,2.0,0.15
OI001357,O00790,PR053,1.0,0.0
OI001358,O00791,PR017,4.0,0.0
OI001359,O00792,PR048,5.0,0.05
OI001360,O00793,PR067,4.0,0.2
OI001361,O00793,PR034,5.0,0.05
OI001362,O00794,PR057,4.0,0.15
OI001363,O00794,PR054,2.0,0.0
OI001364,O00795,PR063,4.0,0.0
OI001365,O00795,PR066,5.0,0.0
OI001366,O00796,PR059,4.0,0.0
OI001367,O00796,PR021,5.0,0.0
OI001368,O00797,PR016,5.0,0.2
OI001369,O00797,PR053,1.0,0.0
OI001370,O00797,PR048,5.0,0.0
OI001371,O00798,PR020,1.0,0.0
OI001372,O00799,PR048,3.0,0.0
OI001373,O00800,PR019,2.0,0.2
OI001374,O00801,PR007,3.0,0.0
OI001375,O00801,PR028,2.0,0.2
OI001376,O00802,PR001,1.0,0.1
OI001377,O00802,PR045,1.0,0.2
OI001378,O00803,PR062,5.0,0.0
OI001379,O00804,PR044,4.0,0.05
OI001380,O00804,PR078,2.0,0.2
OI001381,O00805,PR059,4.0,0.15
OI001382,O00806,PR042,1.0,0.2
OI001383,O00807,PR080,4.0,0.05
OI001384,O00807,PR030,4.0,0.0
OI001385,O00808,PR057,3.0,0.15
OI001386,O00808,PR012,2.0,0.15
OI001387,O00809,PR005,3.0,0.1
OI001388,O00810,PR072,1.0,0.0
OI001389,O00810,PR080,5.0,0.1
OI001390,O00811,PR073,5.0,0.0
OI001391,O00811,PR061,5.0,0.0
OI001392,O00812,PR069,2.0,0.0
OI001393,O00813,PR027,2.0,0.2
OI001394,O00814,PR075,4.0,0.0
OI001395,O00814,PR069,5.0,0.0
OI001396,O00815,PR006,4.0,0.2
OI001397,O00816,PR044,4.0,0.0
OI001398,O00816,PR054,1.0,0.2
OI001399,O00816,PR068,3.0,0.05
OI001400,O00817,PR015,,0.1
OI001401,O00818,PR019,2.0,0.0
OI001402,O00819,PR020,3.0,0.05
OI001403,O00819,PR022,1.0,0.1
OI001404,O00820,PR024,1.0,0.15
OI001405,O00820,PR008,3.0,0.05
OI001406,O00820,PR013,3.0,0.0
OI001407,O00820,PR053,3.0,0.0
OI001408,O00821,PR016,1.0,0.0
OI001409,O00822,PR077,5.0,0.0
OI001410,O00823,PR065,4.0,0.0
OI001411,O00824,PR041,4.0,0.1
OI001412,O00825,PR062,1.0,0.05
OI001413,O00826,PR003,3.0,0.1
OI001414,O00826,PR076,1.0,0.0
OI001415,O00827,PR017,3.0,0.1
OI001416,O00827,PR053,4.0,0.0
OI001417,O00828,PR065,2.0,0.2
OI001418,O00828,PR019,3.0,0.1
OI001419,O00828,PR022,2.0,0.1
OI001420,O00829,PR072,4.0,0.0
OI001421,O00829,PR001,4.0,0.2
OI001422,O00829,PR080,3.0,0.15
OI001423,O00829,PR022,1.0,0.0
OI001424,O00830,PR062,3.0,0.1
OI001425,O00830,PR033,4.0,0.0
OI001426,O00830,PR005,2.0,0.1
OI001427,O00831,PR037,1.0,0.0
OI001428,O00831,PR069,5.0,0.0
OI001429,O00831,PR039,1.0,0.05
OI001430,O00832,PR018,5.0,0.0
OI001431,O00832,PR056,2.0,0.1
OI001432,O00833,PR041,3.0,0.15
OI001433,O00833,PR034,4.0,0.0
OI001434,O00834,PR042,3.0,0.0
OI001435,O00835,PR077,3.0,0.0
OI001436,O00836,PR018,1.0,0.1
OI001437,O00836,PR061,1.0,0.0
OI001438,O00836,PR023,4.0,0.1
OI001439,O00837,PR063,4.0,0.1
OI001440,O00837,PR011,1.0,0.1
OI001441,O00837,PR004,4.0,0.15
OI001442,O00838,PR049,5.0,0.0
OI001443,O00839,PR002,1.0,0.05
OI001444,O00840,PR025,4.0,0.0
OI001445,O00841,PR003,3.0,0.15
OI001446,O00842,PR046,2.0,0.0
OI001447,O00842,PR079,3.0,0.2
OI001448,O00842,PR029,2.0,0.05
OI001449,O00843,PR005,3.0,0.05
OI001450,O00843,PR078,,0.0
OI001451,O00843,PR026,4.0,0.0
OI001452,O00843,PR036,5.0,0.1
OI001453,O00844,PR071,2.0,0.15
OI001454,O00845,PR078,5.0,0.0
OI001455,O00845,PR009,5.0,0.0
OI001456,O00846,PR017,3.0,0.1
OI001457,O00846,PR030,5.0,0.15
OI001458,O00847,PR025,1.0,0.15
OI001459,O00847,PR069,5.0,0.0
OI001460,O00848,PR059,1.0,0.05
OI001461,O00848,PR007,3.0,0.05
OI001462,O00849,PR053,3.0,0.0
OI001463,O00849,PR067,4.0,0.05
OI001464,O00849,PR047,5.0,0.2
OI001465,O00850,PR029,1.0,0.0
OI001466,O00851,PR069,4.0,0.0
OI001467,O00851,PR001,4.0,0.0
OI001468,O00851,PR043,1.0,0.1
OI001469,O00852,PR029,4.0,0.0
OI001470,O00852,PR032,2.0,0.0
OI001471,O00852,PR043,3.0,0.0
OI001472,O00853,PR013,1.0,0.05
OI001473,O00853,PR056,1.0,0.1
OI001474,O00854,PR043,3.0,0.0
OI001475,O00854,PR014,4.0,0.0
OI001476,O00855,PR007,3.0,0.1
OI001477,O00855,PR031,1.0,0.2
OI001478,O00855,PR077,5.0,0.05
OI001479,O00855,PR013,4.0,0.1
OI001480,O00856,PR008,1.0,0.05
OI001481,O00857,PR009,2.0,0.0
OI001482,O00858,PR057,1.0,0.0
OI001483,O00858,PR079,4.0,0.0
OI001484,O00858,PR014,1.0,0.1
OI001485,O00859,PR049,4.0,0.0
OI001486,O00860,PR053,2.0,0.2
OI001487,O00860,PR077,5.0,0.0
OI001488,O00861,PR060,4.0,0.1
OI001489,O00862,PR044,1.0,0.05
OI001490,O00862,PR067,3.0,0.1
OI001491,O00863,PR014,1.0,0.1
OI001492,O00864,PR076,2.0,0.1
OI001493,O00864,PR017,5.0,0.0
OI001494,O00865,PR062,5.0,0.05
OI001495,O00866,PR018,1.0,0.0
OI001496,O00867,PR075,4.0,0.1
OI001497,O00868,PR046,3.0,0.1
OI001498,O00868,PR070,2.0,0.0
OI001499,O00868,PR061,3.0,0.1
OI001500,O00868,PR044,,0.0
OI001501,O00869,PR067,5.0,0.15
OI001502,O00869,PR019,1.0,0.0
OI001503,O00869,PR065,5.0,0.2
OI001504,O00869,PR007,4.0,0.0
OI001505,O00870,PR026,2.0,0.2
OI001506,O00871,PR025,4.0,0.15
OI001507,O00872,PR060,5.0,0.15
OI001508,O00872,PR043,5.0,0.1
OI001509,O00873,PR079,3.0,0.05
OI001510,O00873,PR043,2.0,0.0
OI001511,O00873,PR059,1.0,0.05
OI001512,O00873,PR029,1.0,0.15
OI001513,O00874,PR030,4.0,0.1
OI001514,O00875,PR062,3.0,0.2
OI001515,O00876,PR027,4.0,0.0
OI001516,O00876,PR001,3.0,0.0
OI001517,O00877,PR004,5.0,0.0
OI001518,O00878,PR057,2.0,0.15
OI001519,O00879,PR047,1.0,0.0
OI001520,O00879,PR026,2.0,0.0
OI001521,O00880,PR034,2.0,0.0
OI001522,O00881,PR032,2.0,0.0
OI001523,O00881,PR003,2.0,0.2
OI001524,O00881,PR034,1.0,0.0
OI001525,O00882,PR018,4.0,0.15
OI001526,O00882,PR015,3.0,0.0
OI001527,O00882,PR040,4.0,0.0
OI001528,O00883,PR048,2.0,0.1
OI001529,O00884,PR080,4.0,0.15
OI001530,O00884,PR009,1.0,0.0
OI001531,O00884,PR017,2.0,0.0
OI001532,O00884,PR069,4.0,0.15
OI001533,O00885,PR077,4.0,0.15
OI001534,O00886,PR006,5.0,0.1
OI001535,O00887,PR069,3.0,0.2
OI001536,O00888,PR032,1.0,0.15
OI001537,O00889,PR017,5.0,0.1
OI001538,O00889,PR063,2.0,0.15
OI001539,O00890,PR061,5.0,0.0
OI001540,O00891,PR050,5.0,0.0
OI001541,O00892,PR060,2.0,0.0
OI001542,O00893,PR068,4.0,0.15
OI001543,O00893,PR064,4.0,0.0
OI001544,O00894,PR075,1.0,0.0
OI001545,O00894,PR029,2.0,0.05
OI001546,O00895,PR051,2.0,0.0
OI001547,O00895,PR055,4.0,0.1
OI001548,O00895,PR021,3.0,0.0
OI001549,O00896,PR018,1.0,0.0
OI001550,O00896,PR057,,0.0
OI001551,O00897,PR006,4.0,0.1
OI001552,O00898,PR055,4.0,0.05
OI001553,O00898,PR056,4.0,0.0
OI001554,O00899,PR041,3.0,0.05
OI001555,O00899,PR004,2.0,0.05
OI001556,O00899,PR030,3.0,0.15
OI001557,O00900,PR011,3.0,0.2
OI001558,O00016,PR070,1.0,0.2
OI001559,O00016,PR036,2.0,0.0
OI000004,O00002,PR065,1.0,0.2
